game_id,sesh_count
ID0001,1
ID0002,2
ID0003,3
ID0004,1
ID0005,2
ID0006,3
ID0007,4
ID0008,5
ID0009,6
ID0010,7
ID0011,8
ID0012,9
ID0013,10
ID0014,11
ID0015,12
ID0016,13
ID0017,14
ID0018,15
ID0019,16
ID0020,1
ID0021,2
ID0022,3
ID0023,4
ID0024,5
ID0025,6
ID0026,1
ID0027,2
ID0028,3
ID0029,4
ID0030,5
ID0031,6
ID0032,7
ID0033,8
ID0034,9
ID0035,10
ID0036,11
ID0037,12
ID0038,13
ID0039,14
ID0040,15
ID0041,1
ID0042,2
ID0043,3
ID0044,4
ID0045,5
ID0046,6
ID0047,7
ID0048,8
ID0049,9
ID0050,10
ID0051,1
ID0052,2
ID0053,3
ID0054,4
ID0055,5
ID0056,6
ID0057,7
ID0058,8
ID0059,9
ID0060,10
ID0061,11
ID0062,12
ID0063,13
ID0064,14
ID0065,15
ID0066,1
ID0067,2
ID0068,3
ID0069,4
ID0070,1
ID0071,2
ID0072,3
ID0073,1
ID0074,2
ID0075,3
ID0076,4
ID0077,5
ID0078,6
ID0079,7
ID0080,1
ID0081,2
ID0082,3
ID0083,4
ID0084,1
ID0085,1
ID0086,2
ID0087,3
ID0088,1
ID0089,2
ID0090,1
ID0091,1
ID0092,2
ID0093,3
ID0094,4
ID0095,5
ID0096,6
ID0097,7
ID0098,8
ID0099,9
ID0100,10
ID0101,11
ID0102,12
ID0103,13
ID0104,14
ID0105,15
ID0106,1
ID0107,2
ID0108,3
ID0109,4
ID0110,5
ID0111,6
ID0112,7
ID0113,8
ID0114,9
ID0115,10
ID0116,11
ID0117,12
ID0118,13
ID0119,14
ID0120,15
ID0121,16
ID0122,1
ID0123,2
ID0124,3
ID0125,4
ID0126,5
ID0127,6
ID0128,7
ID0129,8
ID0130,9
ID0131,10
ID0132,11
ID0133,12
ID0134,13
ID0135,14
ID0136,15
ID0137,16
ID0138,17
ID0139,18
ID0140,19
ID0141,20
ID0142,21
ID0143,1
ID0144,2
ID0145,3
ID0146,4
ID0147,5
ID0148,6
ID0149,7
ID0150,8
ID0151,9
ID0152,10
ID0153,11
ID0154,12
ID0155,13
ID0156,14
ID0157,15
ID0158,16
ID0159,17
ID0160,18
ID0161,19
ID0162,20
ID0163,21
ID0164,22
ID0165,23
ID0166,24
ID0167,25
ID0168,26
ID0169,27
ID0170,28
ID0171,29
ID0172,30
ID0173,31
ID0174,32
ID0175,33
ID0176,34
ID0177,35
ID0178,36
ID0179,37
ID0180,38
ID0181,39
ID0182,40
ID0183,41
ID0184,42
ID0185,43
ID0186,44
ID0187,45
ID0188,46
ID0189,47
ID0190,48
ID0191,49
ID0192,50
ID0193,51
ID0194,52
ID0195,53
ID0196,54
ID0197,55
ID0198,56
ID0199,57
ID0200,58
ID0201,59
ID0202,60
ID0203,61
ID0204,62
ID0205,63
ID0206,64
ID0207,65
ID0208,66
ID0209,67
ID0210,68
ID0211,69
ID0212,70
ID0213,71
ID0214,72
ID0215,73
ID0216,74
ID0217,75
ID0218,76
ID0219,77
ID0220,78
ID0221,79
ID0222,80
ID0223,81
ID0224,82
ID0225,83
ID0226,84
ID0227,85
ID0228,86
ID0229,87
ID0230,88
ID0231,1
ID0232,2
ID0233,3
ID0234,4
ID0235,5
ID0236,6
ID0237,7
ID0238,8
ID0239,9
ID0240,10
ID0241,11
ID0242,12
ID0243,13
ID0244,14
ID0245,15
ID0246,16
ID0247,17
ID0248,18
ID0249,19
ID0250,20
ID0251,21
ID0252,22
ID0253,23
ID0254,24
ID0255,25
ID0256,26
ID0257,27
ID0258,28
ID0259,29
ID0260,30
ID0261,31
ID0262,32
ID0263,33
ID0264,34
ID0265,35
ID0266,36
ID0267,37
ID0268,38
ID0269,39
ID0270,40
ID0271,41
ID0272,42
ID0273,43
ID0274,44
ID0275,45
ID0276,46
ID0277,47
ID0278,48
ID0279,49
ID0280,50
ID0281,51
ID0282,52
ID0283,53
ID0284,54
ID0285,55
ID0286,56
ID0287,57
ID0288,58
ID0289,59
ID0290,60
ID0291,61
ID0292,62
ID0293,63
ID0294,64
ID0295,65
ID0296,66
ID0297,67
ID0298,68
ID0299,69
ID0300,70
ID0301,71
ID0302,72
ID0303,73
ID0304,74
ID0305,75
ID0306,76
ID0307,77
ID0308,78
ID0309,79
ID0310,80
ID0311,1
ID0312,2
ID0313,3
ID0314,4
ID0315,5
ID0316,6
ID0317,7
ID0318,8
ID0319,9
ID0320,10
ID0321,11
ID0322,12
ID0323,13
ID0324,14
ID0325,15
ID0326,16
ID0327,17
ID0328,18
ID0329,19
ID0330,20
ID0331,21
ID0332,22
ID0333,23
ID0334,24
ID0335,25
ID0336,26
ID0337,27
ID0338,28
ID0339,29
ID0340,30
ID0341,31
ID0342,32
ID0343,33
ID0344,34
ID0345,35
ID0346,36
ID0347,37
ID0348,38
ID0349,1
ID0350,2
ID0351,1
ID0352,2
ID0353,3
ID0354,4
ID0355,5
ID0356,6
ID0357,7
ID0358,1
ID0359,2
ID0360,3
ID0361,4
ID0362,5
ID0363,6
ID0364,7
ID0365,8
ID0366,9
ID0367,10
ID0368,11
ID0369,12
ID0370,13
ID0371,14
ID0372,15
ID0373,1
ID0374,2
ID0375,3
ID0376,4
ID0377,5
ID0378,6
ID0379,7
ID0380,8
ID0381,9
ID0382,10
ID0383,11
ID0384,12
ID0385,13
ID0386,14
ID0387,15
ID0388,16
ID0389,17
ID0390,1
ID0391,2
ID0392,3
ID0393,4
ID0394,5
ID0395,6
ID0396,7
ID0397,8
ID0398,9
ID0399,10
ID0400,11
ID0401,12
ID0402,13
ID0403,1
ID0404,2
ID0405,3
ID0406,4
ID0407,5
ID0408,6
ID0409,7
ID0410,8
ID0411,9
ID0412,1
ID0413,2
ID0414,3
ID0415,4
ID0416,5
ID0417,1
ID0418,2
ID0419,3
ID0420,4
ID0421,5
ID0422,6
ID0423,7
ID0424,8
ID0425,9
ID0426,10
ID0427,11
ID0428,12
ID0429,13
ID0430,14
ID0431,15
ID0432,16
ID0433,17
ID0434,18
ID0435,19
ID0436,20
ID0437,21
ID0438,22
ID0439,23
ID0440,24
ID0441,25
ID0442,26
ID0443,27
ID0444,28
ID0445,29
ID0446,30
ID0447,31
ID0448,32
ID0449,33
ID0450,34
ID0451,35
ID0452,36
ID0453,37
ID0454,38
ID0455,39
ID0456,40
ID0457,41
ID0458,42
ID0459,43
ID0460,44
ID0461,45
ID0462,46
ID0463,47
ID0464,48
ID0465,49
ID0466,50
ID0467,51
ID0468,52
ID0469,53
ID0470,54
ID0471,55
ID0472,56
ID0473,57
ID0474,58
ID0475,59
ID0476,60
ID0477,61
ID0478,62
ID0479,63
ID0480,64
ID0481,65
ID0482,66
ID0483,67
ID0484,68
ID0485,69
ID0486,70
ID0487,71
ID0488,72
ID0489,73
ID0490,74
ID0491,75
ID0492,76
ID0493,77
ID0494,78
ID0495,79
ID0496,80
ID0497,81
ID0498,82
ID0499,83
ID0500,84
ID0501,85
ID0502,86
ID0503,87
ID0504,88
ID0505,89
ID0506,90
ID0507,91
ID0508,92
ID0509,93
ID0510,94
ID0511,95
ID0512,96
ID0513,97
ID0514,98
ID0515,99
ID0516,100
ID0517,101
ID0518,102
ID0519,103
ID0520,104
ID0521,105
ID0522,106
ID0523,107
ID0524,108
ID0525,109
ID0526,110
ID0527,111
ID0528,112
ID0529,113
ID0530,114
ID0531,115
ID0532,116
ID0533,1
ID0534,2
ID0535,3
ID0536,4
ID0537,5
ID0538,6
ID0539,7
ID0540,8
ID0541,9
ID0542,10
ID0543,11
ID0544,1
ID0545,1
ID0546,1
ID0547,2
ID0548,3
ID0549,4
ID0550,5
ID0551,6
ID0552,7
ID0553,8
ID0554,9
ID0555,10
ID0556,11
ID0557,12
ID0558,13
ID0559,14
ID0560,15
ID0561,16
ID0562,17
ID0563,18
ID0564,19
ID0565,20
ID0566,21
ID0567,22
ID0568,23
ID0569,24
ID0570,25
ID0571,1
ID0572,1
ID0573,2
ID0574,1
ID0575,2
ID0576,3
ID0577,4
ID0578,5
ID0579,6
ID0580,7
ID0581,8
ID0582,9
ID0583,10
ID0584,11
ID0585,12
ID0586,1
ID0587,2
ID0588,1
ID0589,2
ID0590,3
ID0591,4
ID0592,5
ID0593,1
ID0594,2
ID0595,3
ID0596,4
ID0597,5
ID0598,6
ID0599,7
ID0600,8
ID0601,9
ID0602,10
ID0603,1
ID0604,2
ID0605,3
ID0606,4
ID0607,5
ID0608,6
ID0609,7
ID0610,8
ID0611,9
ID0612,10
ID0613,11
ID0614,12
ID0615,13
ID0616,1
ID0617,2
ID0618,3
ID0619,4
ID0620,5
ID0621,6
ID0622,7
ID0623,8
ID0624,9
ID0625,10
ID0626,11
ID0627,12
ID0628,13
ID0629,14
ID0630,15
ID0631,16
ID0632,17
ID0633,18
ID0634,19
ID0635,20
ID0636,21
ID0637,22
ID0638,23
ID0639,1
ID0640,2
ID0641,3
ID0642,4
ID0643,5
ID0644,6
ID0645,7
ID0646,8
ID0647,9
ID0648,10
ID0649,11
ID0650,12
ID0651,13
ID0652,14
ID0653,15
ID0654,16
ID0655,17
ID0656,18
ID0657,19
ID0658,20
ID0659,21
ID0660,22
ID0661,23
ID0662,24
ID0663,25
ID0664,1
ID0665,2
ID0666,3
ID0667,4
ID0668,1
ID0669,2
ID0670,3
ID0671,1
ID0672,2
ID0673,3
ID0674,4
ID0675,5
ID0676,6
ID0677,7
ID0678,8
ID0679,9
ID0680,10
ID0681,11
ID0682,12
ID0683,13
ID0684,1
ID0685,2
ID0686,3
ID0687,4
ID0688,5
ID0689,6
ID0690,1
ID0691,2
ID0692,1
ID0693,2
ID0694,3
ID0695,4
ID0696,5
ID0697,6
ID0698,1
ID0699,2
ID0700,3
ID0701,4
ID0702,5
ID0703,6
ID0704,1
ID0705,2
ID0706,3
ID0707,4
ID0708,1
ID0709,1
ID0710,2
ID0711,3
ID0712,4
ID0713,5
ID0714,6
ID0715,7
ID0716,8
ID0717,9
ID0718,10
ID0719,11
ID0720,1
ID0721,1
ID0722,2
ID0723,1
ID0724,2
ID0725,3
ID0726,4
ID0727,5
ID0728,6
ID0729,7
ID0730,8
ID0731,9
ID0732,10
ID0733,11
ID0734,12
ID0735,13
ID0736,14
ID0737,15
ID0738,16
ID0739,17
ID0740,18
ID0741,19
ID0742,20
ID0743,21
ID0744,22
ID0745,1
ID0746,2
ID0747,3
ID0748,4
ID0749,5
ID0750,6
ID0751,7
ID0752,8
ID0753,9
ID0754,10
ID0755,11
ID0756,12
ID0757,13
ID0758,14
ID0759,15
ID0760,16
ID0761,17
ID0762,18
ID0763,19
ID0764,1
ID0765,2
ID0766,3
ID0767,4
ID0768,5
ID0769,6
ID0770,7
ID0771,8
ID0772,9
ID0773,10
ID0774,11
ID0775,12
ID0776,13
ID0777,14
ID0778,15
ID0779,16
ID0780,17
ID0781,18
ID0782,19
ID0783,20
ID0784,21
ID0785,22
ID0786,23
ID0787,24
ID0788,25
ID0789,26
ID0790,27
ID0791,28
ID0792,29
ID0793,30
ID0794,31
ID0795,32
ID0796,33
ID0797,34
ID0798,35
ID0799,36
ID0800,37
ID0801,38
ID0802,39
ID0803,40
ID0804,1
ID0805,1
ID0806,2
ID0807,3
ID0808,4
ID0809,5
ID0810,6
ID0811,7
ID0812,1
ID0813,2
ID0814,3
ID0815,4
ID0816,5
ID0817,6
ID0818,7
ID0819,8
ID0820,9
ID0821,10
ID0822,11
ID0823,12
ID0824,13
ID0825,14
ID0826,1
ID0827,2
ID0828,1
ID0829,2
ID0830,3
ID0831,4
ID0832,5
ID0833,6
ID0834,7
ID0835,8
ID0836,9
ID0837,10
ID0838,11
ID0839,12
ID0840,13
ID0841,14
ID0842,15
ID0843,16
ID0844,17
ID0845,18
ID0846,19
ID0847,20
ID0848,21
ID0849,22
ID0850,1
ID0851,2
ID0852,3
ID0853,1
ID0854,1
ID0855,2
ID0856,3
ID0857,4
ID0858,5
ID0859,1
ID0860,2
ID0861,1
ID0862,2
ID0863,3
ID0864,4
ID0865,5
ID0866,6
ID0867,7
ID0868,8
ID0869,9
ID0870,10
ID0871,11
ID0872,1
ID0873,2
ID0874,3
ID0875,4
ID0876,5
ID0877,6
ID0878,7
ID0879,8
ID0880,9
ID0881,10
ID0882,11
ID0883,12
ID0884,13
ID0885,14
ID0886,15
ID0887,16
ID0888,17
ID0889,18
ID0890,19
ID0891,20
ID0892,21
ID0893,22
ID0894,23
ID0895,24
ID0896,25
ID0897,26
ID0898,27
ID0899,28
ID0900,29
ID0901,30
ID0902,31
ID0903,32
ID0904,33
ID0905,34
ID0906,35
ID0907,36
ID0908,37
ID0909,38
ID0910,39
ID0911,40
ID0912,41
ID0913,42
ID0914,43
ID0915,44
ID0916,45
ID0917,1
ID0918,2
ID0919,3
ID0920,4
ID0921,5
ID0922,6
ID0923,7
ID0924,8
ID0925,9
ID0926,10
ID0927,11
ID0928,12
ID0929,13
ID0930,14
ID0931,15
ID0932,16
ID0933,17
ID0934,1
ID0935,1
ID0936,2
ID0937,3
ID0938,4
ID0939,5
ID0940,6
ID0941,7
ID0942,8
ID0943,9
ID0944,10
ID0945,11
ID0946,12
ID0947,13
ID0948,14
ID0949,15
ID0950,16
ID0951,17
ID0952,18
ID0953,19
ID0954,20
ID0955,21
ID0956,22
ID0957,23
ID0958,24
ID0959,25
ID0960,26
ID0961,27
ID0962,28
ID0963,29
ID0964,30
ID0965,31
ID0966,1
ID0967,2
ID0968,3
ID0969,4
ID0970,5
ID0971,6
ID0972,7
ID0973,8
ID0974,9
ID0975,10
ID0976,11
ID0977,12
ID0978,13
ID0979,14
ID0980,15
ID0981,16
ID0982,17
ID0983,1
ID0984,2
ID0985,3
ID0986,4
ID0987,5
ID0988,6
ID0989,7
ID0990,8
ID0991,9
ID0992,10
ID0993,11
ID0994,12
ID0995,13
ID0996,14
ID0997,15
ID0998,16
ID0999,17
ID1000,18
ID1001,19
ID1002,20
ID1003,21
ID1004,1
ID1005,2
ID1006,3
ID1007,4
ID1008,5
ID1009,6
ID1010,7
ID1011,8
ID1012,9
ID1013,10
ID1014,11
ID1015,12
ID1016,13
ID1017,14
ID1018,15
ID1019,16
ID1020,17
ID1021,18
ID1022,19
ID1023,20
ID1024,21
ID1025,22
ID1026,23
ID1027,24
ID1028,25
ID1029,26
ID1030,27
ID1031,28
ID1032,29
ID1033,30
ID1034,31
ID1035,32
ID1036,33
ID1037,34
ID1038,35
ID1039,36
ID1040,37
ID1041,38
ID1042,39
ID1043,40
ID1044,41
ID1045,42
ID1046,43
ID1047,44
ID1048,45
ID1049,46
ID1050,47
ID1051,48
ID1052,49
ID1053,50
ID1054,51
ID1055,52
ID1056,53
ID1057,54
ID1058,55
ID1059,56
ID1060,57
ID1061,58
ID1062,59
ID1063,60
ID1064,61
ID1065,62
ID1066,63
ID1067,64
ID1068,65
ID1069,66
ID1070,67
ID1071,68
ID1072,69
ID1073,70
ID1074,71
ID1075,72
ID1076,73
ID1077,74
ID1078,75
ID1079,76
ID1080,77
ID1081,78
ID1082,79
ID1083,80
ID1084,81
ID1085,82
ID1086,83
ID1087,84
ID1088,85
ID1089,86
ID1090,87
ID1091,1
ID1092,2
ID1093,3
ID1094,4
ID1095,1
ID1096,2
ID1097,3
ID1098,1
ID1099,2
ID1100,3
ID1101,4
ID1102,5
ID1103,6
ID1104,7
ID1105,8
ID1106,9
ID1107,10
ID1108,11
ID1109,1
ID1110,2
ID1111,3
ID1112,4
ID1113,5
ID1114,6
ID1115,1
ID1116,2
ID1117,3
ID1118,4
ID1119,5
ID1120,6
ID1121,7
ID1122,8
ID1123,9
ID1124,10
ID1125,11
ID1126,12
ID1127,13
ID1128,14
ID1129,15
ID1130,1
ID1131,2
ID1132,3
ID1133,4
ID1134,5
ID1135,6
ID1136,7
ID1137,8
ID1138,9
ID1139,10
ID1140,11
ID1141,12
ID1142,13
ID1143,14
ID1144,15
ID1145,16
ID1146,17
ID1147,18
ID1148,19
ID1149,20
ID1150,21
ID1151,22
ID1152,23
ID1153,24
ID1154,25
ID1155,26
ID1156,27
ID1157,28
ID1158,29
ID1159,30
ID1160,31
ID1161,32
ID1162,33
ID1163,34
ID1164,35
ID1165,36
ID1166,37
ID1167,38
ID1168,39
ID1169,1
ID1170,2
ID1171,3
ID1172,4
ID1173,5
ID1174,6
ID1175,7
ID1176,8
ID1177,9
ID1178,10
ID1179,11
ID1180,12
ID1181,13
ID1182,14
ID1183,15
ID1184,16
ID1185,17
ID1186,18
ID1187,19
ID1188,20
ID1189,21
ID1190,22
ID1191,23
ID1192,24
ID1193,25
ID1194,26
ID1195,27
ID1196,28
ID1197,29
ID1198,30
ID1199,31
ID1200,32
ID1201,33
ID1202,34
ID1203,35
ID1204,36
ID1205,37
ID1206,38
ID1207,39
ID1208,40
ID1209,41
ID1210,42
ID1211,43
ID1212,44
ID1213,45
ID1214,46
ID1215,47
ID1216,48
ID1217,49
ID1218,50
ID1219,51
ID1220,52
ID1221,53
ID1222,54
ID1223,55
ID1224,56
ID1225,57
ID1226,58
ID1227,59
ID1228,60
ID1229,61
ID1230,62
ID1231,63
ID1232,64
ID1233,65
ID1234,66
ID1235,67
ID1236,68
ID1237,69
ID1238,70
ID1239,71
ID1240,1
ID1241,2
ID1242,3
ID1243,4
ID1244,5
ID1245,6
ID1246,7
ID1247,8
ID1248,9
ID1249,10
ID1250,11
ID1251,12
ID1252,13
ID1253,14
ID1254,15
ID1255,16
ID1256,17
ID1257,18
ID1258,19
ID1259,20
ID1260,21
ID1261,22
ID1262,23
ID1263,24
ID1264,25
ID1265,26
ID1266,27
ID1267,28
ID1268,29
ID1269,30
ID1270,31
ID1271,32
ID1272,33
ID1273,34
ID1274,35
ID1275,36
ID1276,37
ID1277,1
ID1278,2
ID1279,3
ID1280,4
ID1281,5
ID1282,6
ID1283,7
ID1284,8
ID1285,9
ID1286,10
ID1287,11
ID1288,12
ID1289,13
ID1290,14
ID1291,15
ID1292,16
ID1293,17
ID1294,18
ID1295,19
ID1296,20
ID1297,21
ID1298,22
ID1299,23
ID1300,24
ID1301,25
ID1302,26
ID1303,27
ID1304,28
ID1305,29
ID1306,30
ID1307,31
ID1308,32
ID1309,33
ID1310,34
ID1311,35
ID1312,1
ID1313,2
ID1314,3
ID1315,4
ID1316,1
ID1317,2
ID1318,1
ID1319,2
ID1320,3
ID1321,4
ID1322,5
ID1323,6
ID1324,1
ID1325,2
ID1326,3
ID1327,4
ID1328,1
ID1329,2
ID1330,3
ID1331,1
ID1332,2
ID1333,1
ID1334,2
ID1335,3
ID1336,4
ID1337,5
ID1338,6
ID1339,7
ID1340,8
ID1341,9
ID1342,10
ID1343,11
ID1344,12
ID1345,13
ID1346,1
ID1347,2
ID1348,3
ID1349,4
ID1350,5
ID1351,6
ID1352,7
ID1353,8
ID1354,9
ID1355,10
ID1356,11
ID1357,12
ID1358,13
ID1359,14
ID1360,15
ID1361,1
ID1362,2
ID1363,3
ID1364,4
ID1365,5
ID1366,6
ID1367,1
ID1368,2
ID1369,3
ID1370,4
ID1371,5
ID1372,6
ID1373,7
ID1374,8
ID1375,9
ID1376,10
ID1377,11
ID1378,12
ID1379,1
ID1380,2
ID1381,3
ID1382,4
ID1383,1
ID1384,2
ID1385,3
ID1386,4
ID1387,5
ID1388,6
ID1389,7
ID1390,8
ID1391,9
ID1392,10
ID1393,11
ID1394,12
ID1395,13
ID1396,14
ID1397,15
ID1398,16
ID1399,17
ID1400,18
ID1401,19
ID1402,20
ID1403,21
ID1404,22
ID1405,23
ID1406,24
ID1407,25
ID1408,26
ID1409,27
ID1410,28
ID1411,29
ID1412,30
ID1413,31
ID1414,32
ID1415,33
ID1416,34
ID1417,35
ID1418,36
ID1419,37
ID1420,38
ID1421,39
ID1422,40
ID1423,41
ID1424,42
ID1425,43
ID1426,44
ID1427,45
ID1428,46
ID1429,1
ID1430,2
ID1431,3
ID1432,4
ID1433,5
ID1434,6
ID1435,7
ID1436,1
ID1437,2
ID1438,3
ID1439,4
ID1440,5
ID1441,6
ID1442,7
ID1443,8
ID1444,9
ID1445,1
ID1446,2
ID1447,1
ID1448,2
ID1449,3
ID1450,4
ID1451,5
ID1452,6
ID1453,7
ID1454,8
ID1455,9
ID1456,10
ID1457,11
ID1458,12
ID1459,13
ID1460,14
ID1461,15
ID1462,16
ID1463,17
ID1464,18
ID1465,19
ID1466,20
ID1467,21
ID1468,22
ID1469,23
ID1470,24
ID1471,25
ID1472,26
ID1473,27
ID1474,28
ID1475,29
ID1476,30
ID1477,31
ID1478,32
ID1479,33
ID1480,34
ID1481,35
ID1482,36
ID1483,37
ID1484,38
ID1485,39
ID1486,40
ID1487,41
ID1488,42
ID1489,43
ID1490,44
ID1491,45
ID1492,46
ID1493,47
ID1494,48
ID1495,49
ID1496,50
ID1497,51
ID1498,52
ID1499,53
ID1500,54
ID1501,55
ID1502,56
ID1503,57
ID1504,58
ID1505,59
ID1506,60
ID1507,61
ID1508,62
ID1509,63
ID1510,64
ID1511,65
ID1512,66
ID1513,67
ID1514,68
ID1515,69
ID1516,70
ID1517,71
ID1518,72
ID1519,1
ID1520,2
ID1521,3
ID1522,1
ID1523,2
ID1524,3
ID1525,4
ID1526,5
ID1527,6
ID1528,7
ID1529,1
ID1530,2
ID1531,3
ID1532,4
ID1533,5
ID1534,6
ID1535,7
ID1536,8
ID1537,9
ID1538,1
ID1539,2
ID1540,3
ID1541,1
ID1542,2
ID1543,3
ID1544,4
ID1545,5
ID1546,6
ID1547,7
ID1548,8
ID1549,9
ID1550,10
ID1551,11
ID1552,12
ID1553,13
ID1554,14
ID1555,15
ID1556,1
ID1557,2
ID1558,3
ID1559,1
ID1560,2
ID1561,3
ID1562,4
ID1563,5
ID1564,6
ID1565,7
ID1566,8
ID1567,9
ID1568,10
ID1569,1
ID1570,2
ID1571,3
ID1572,4
ID1573,5
ID1574,6
ID1575,1
ID1576,2
ID1577,3
ID1578,4
ID1579,1
ID1580,2
ID1581,3
ID1582,4
ID1583,5
ID1584,6
ID1585,7
ID1586,8
ID1587,9
ID1588,10
ID1589,11
ID1590,12
ID1591,1
ID1592,1
ID1593,2
ID1594,3
ID1595,4
ID1596,5
ID1597,6
ID1598,7
ID1599,8
ID1600,9
ID1601,10
ID1602,11
ID1603,12
ID1604,13
ID1605,14
ID1606,15
ID1607,16
ID1608,17
ID1609,18
ID1610,19
ID1611,20
ID1612,21
ID1613,22
ID1614,23
ID1615,1
ID1616,1
ID1617,2
ID1618,3
ID1619,4
ID1620,5
ID1621,6
ID1622,7
ID1623,8
ID1624,9
ID1625,1
ID1626,2
ID1627,3
ID1628,4
ID1629,5
ID1630,6
ID1631,7
ID1632,8
ID1633,9
ID1634,10
ID1635,11
ID1636,12
ID1637,13
ID1638,14
ID1639,15
ID1640,16
ID1641,17
ID1642,18
ID1643,19
ID1644,20
ID1645,21
ID1646,22
ID1647,23
ID1648,24
ID1649,25
ID1650,26
ID1651,27
ID1652,28
ID1653,29
ID1654,30
ID1655,31
ID1656,32
ID1657,33
ID1658,34
ID1659,35
ID1660,1
ID1661,2
ID1662,3
ID1663,4
ID1664,5
ID1665,6
ID1666,7
ID1667,8
ID1668,9
ID1669,10
ID1670,1
ID1671,2
ID1672,3
ID1673,4
ID1674,5
ID1675,6
ID1676,7
ID1677,8
ID1678,9
ID1679,10
ID1680,1
ID1681,2
ID1682,3
ID1683,4
ID1684,5
ID1685,6
ID1686,7
ID1687,8
ID1688,1
ID1689,2
ID1690,3
ID1691,4
ID1692,5
ID1693,6
ID1694,7
ID1695,8
ID1696,9
ID1697,10
ID1698,11
ID1699,12
ID1700,13
ID1701,14
ID1702,15
ID1703,16
ID1704,17
ID1705,18
ID1706,19
ID1707,20
ID1708,21
ID1709,22
ID1710,23
ID1711,24
ID1712,25
ID1713,26
ID1714,27
ID1715,28
ID1716,29
ID1717,30
ID1718,31
ID1719,32
ID1720,1
ID1721,2
ID1722,3
ID1723,4
ID1724,5
ID1725,1
ID1726,2
ID1727,3
ID1728,4
ID1729,5
ID1730,6
ID1731,7
ID1732,8
ID1733,9
ID1734,10
ID1735,11
ID1736,12
ID1737,1
ID1738,2
ID1739,3
ID1740,4
ID1741,5
ID1742,6
ID1743,7
ID1744,8
ID1745,9
ID1746,10
ID1747,11
ID1748,12
ID1749,13
ID1750,14
ID1751,15
ID1752,16
ID1753,17
ID1754,18
ID1755,19
ID1756,20
ID1757,21
ID1758,22
ID1759,23
ID1760,24
ID1761,25
ID1762,26
ID1763,27
ID1764,28
ID1765,29
ID1766,30
ID1767,31
ID1768,32
ID1769,33
ID1770,34
ID1771,35
ID1772,36
ID1773,37
ID1774,1
ID1775,2
ID1776,3
ID1777,4
ID1778,5
ID1779,6
ID1780,7
ID1781,8
ID1782,9
ID1783,10
ID1784,11
ID1785,12
ID1786,13
ID1787,14
ID1788,15
ID1789,16
ID1790,17
ID1791,18
ID1792,19
ID1793,20
ID1794,21
ID1795,22
ID1796,23
ID1797,1
ID1798,2
ID1799,3
ID1800,4
ID1801,5
ID1802,6
ID1803,7
ID1804,8
ID1805,9
ID1806,10
ID1807,11
ID1808,12
ID1809,13
ID1810,14
ID1811,15
ID1812,16
ID1813,1
ID1814,2
ID1815,3
ID1816,4
ID1817,5
ID1818,6
ID1819,7
ID1820,8
ID1821,9
ID1822,10
ID1823,11
ID1824,12
ID1825,13
ID1826,14
ID1827,15
ID1828,16
ID1829,17
ID1830,18
ID1831,19
ID1832,20
ID1833,21
ID1834,22
ID1835,23
ID1836,24
ID1837,25
ID1838,26
ID1839,27
ID1840,1
ID1841,2
ID1842,3
ID1843,1
ID1844,2
ID1845,1
ID1846,1
ID1847,1
ID1848,2
ID1849,1
ID1850,2
ID1851,3
ID1852,1
ID1853,1
ID1854,2
ID1855,3
ID1856,4
ID1857,5
ID1858,6
ID1859,7
ID1860,8
ID1861,9
ID1862,10
ID1863,11
ID1864,12
ID1865,13
ID1866,14
ID1867,15
ID1868,16
ID1869,17
ID1870,18
ID1871,19
ID1872,20
ID1873,21
ID1874,22
ID1875,23
ID1876,24
ID1877,25
ID1878,26
ID1879,1
ID1880,2
ID1881,3
ID1882,4
ID1883,5
ID1884,6
ID1885,7
ID1886,1
ID1887,1
ID1888,2
ID1889,1
ID1890,2
ID1891,3
ID1892,4
ID1893,5
ID1894,6
ID1895,7
ID1896,8
ID1897,9
ID1898,10
ID1899,11
ID1900,12
ID1901,13
ID1902,14
ID1903,15
ID1904,16
ID1905,17
ID1906,18
ID1907,19
ID1908,20
ID1909,21
ID1910,22
ID1911,1
ID1912,2
ID1913,3
ID1914,4
ID1915,5
ID1916,6
ID1917,7
ID1918,8
ID1919,9
ID1920,10
ID1921,11
ID1922,12
ID1923,13
ID1924,14
ID1925,15
ID1926,16
ID1927,17
ID1928,18
ID1929,19
ID1930,20
ID1931,21
ID1932,22
ID1933,23
ID1934,24
ID1935,25
ID1936,26
ID1937,27
ID1938,28
ID1939,29
ID1940,30
ID1941,31
ID1942,32
ID1943,33
ID1944,34
ID1945,35
ID1946,36
ID1947,37
ID1948,38
ID1949,39
ID1950,40
ID1951,41
ID1952,42
ID1953,43
ID1954,44
ID1955,45
ID1956,46
ID1957,47
ID1958,48
ID1959,49
ID1960,50
ID1961,51
ID1962,52
ID1963,53
ID1964,54
ID1965,55
ID1966,56
ID1967,57
ID1968,58
ID1969,1
ID1970,2
ID1971,3
ID1972,4
ID1973,5
ID1974,6
ID1975,7
ID1976,8
ID1977,9
ID1978,10
ID1979,11
ID1980,12
ID1981,13
ID1982,14
ID1983,15
ID1984,16
ID1985,17
ID1986,18
ID1987,19
ID1988,20
ID1989,21
ID1990,22
ID1991,23
ID1992,24
ID1993,25
ID1994,26
ID1995,27
ID1996,28
ID1997,29
ID1998,30
ID1999,1
ID2000,2
ID2001,3
ID2002,4
ID2003,5
ID2004,6
ID2005,7
ID2006,8
ID2007,9
ID2008,10
ID2009,11
ID2010,12
ID2011,13
ID2012,14
ID2013,15
ID2014,16
ID2015,17
ID2016,18
ID2017,19
ID2018,20
ID2019,21
ID2020,22
ID2021,23
ID2022,24
ID2023,25
ID2024,26
ID2025,27
ID2026,28
ID2027,29
ID2028,30
ID2029,31
ID2030,32
ID2031,33
ID2032,1
ID2033,2
ID2034,3
ID2035,4
ID2036,5
ID2037,6
ID2038,7
ID2039,8
ID2040,9
ID2041,10
ID2042,11
ID2043,12
ID2044,13
ID2045,1
ID2046,2
ID2047,3
ID2048,4
ID2049,5
ID2050,6
ID2051,7
ID2052,8
ID2053,9
ID2054,10
ID2055,11
ID2056,12
ID2057,1
ID2058,2
ID2059,3
ID2060,4
ID2061,5
ID2062,6
ID2063,7
ID2064,1
ID2065,2
ID2066,3
ID2067,4
ID2068,5
ID2069,1
ID2070,2
ID2071,3
ID2072,4
ID2073,5
ID2074,6
ID2075,7
ID2076,8
ID2077,9
ID2078,10
ID2079,11
ID2080,1
ID2081,2
ID2082,1
ID2083,2
ID2084,3
ID2085,4
ID2086,5
ID2087,6
ID2088,7
ID2089,8
ID2090,9
ID2091,10
ID2092,11
ID2093,12
ID2094,13
ID2095,14
ID2096,15
ID2097,16
ID2098,1
ID2099,2
ID2100,1
ID2101,2
ID2102,3
ID2103,4
ID2104,5
ID2105,1
ID2106,2
ID2107,3
ID2108,4
ID2109,1
ID2110,2
ID2111,3
ID2112,4
ID2113,5
ID2114,6
ID2115,7
ID2116,8
ID2117,9
ID2118,10
ID2119,11
ID2120,12
ID2121,13
ID2122,14
ID2123,15
ID2124,16
ID2125,17
ID2126,18
ID2127,19
ID2128,20
ID2129,21
ID2130,22
ID2131,23
ID2132,24
ID2133,25
ID2134,26
ID2135,27
ID2136,28
ID2137,29
ID2138,30
ID2139,31
ID2140,32
ID2141,33
ID2142,34
ID2143,35
ID2144,36
ID2145,37
ID2146,38
ID2147,39
ID2148,40
ID2149,41
ID2150,42
ID2151,43
ID2152,44
ID2153,45
ID2154,46
ID2155,47
ID2156,48
ID2157,49
ID2158,50
ID2159,51
ID2160,52
ID2161,53
ID2162,54
ID2163,55
ID2164,56
ID2165,57
ID2166,58
ID2167,59
ID2168,60
ID2169,61
ID2170,62
ID2171,63
ID2172,64
ID2173,65
ID2174,66
ID2175,67
ID2176,68
ID2177,69
ID2178,70
ID2179,71
ID2180,72
ID2181,73
ID2182,74
ID2183,75
ID2184,76
ID2185,77
ID2186,78
ID2187,1
ID2188,1
ID2189,2
ID2190,3
ID2191,4
ID2192,5
ID2193,6
ID2194,7
ID2195,1
ID2196,2
ID2197,3
ID2198,4
ID2199,1
ID2200,1
ID2201,2
ID2202,3
ID2203,4
ID2204,5
ID2205,6
ID2206,7
ID2207,8
ID2208,9
ID2209,10
ID2210,11
ID2211,12
ID2212,1
ID2213,1
ID2214,2
ID2215,3
ID2216,1
ID2217,2
ID2218,3
ID2219,4
ID2220,5
ID2221,6
ID2222,7
ID2223,8
ID2224,9
ID2225,10
ID2226,11
ID2227,12
ID2228,13
ID2229,14
ID2230,15
ID2231,16
ID2232,17
ID2233,18
ID2234,19
ID2235,20
ID2236,21
ID2237,22
ID2238,23
ID2239,24
ID2240,25
ID2241,26
ID2242,27
ID2243,28
ID2244,29
ID2245,30
ID2246,31
ID2247,32
ID2248,1
ID2249,2
ID2250,3
ID2251,4
ID2252,5
ID2253,6
ID2254,1
ID2255,2
ID2256,3
ID2257,4
ID2258,5
ID2259,6
ID2260,7
ID2261,8
ID2262,9
ID2263,10
ID2264,11
ID2265,12
ID2266,13
ID2267,14
ID2268,15
ID2269,16
ID2270,17
ID2271,18
ID2272,19
ID2273,20
ID2274,21
ID2275,22
ID2276,23
ID2277,24
ID2278,25
ID2279,26
ID2280,27
ID2281,28
ID2282,29
ID2283,30
ID2284,31
ID2285,32
ID2286,33
ID2287,34
ID2288,35
ID2289,36
ID2290,37
ID2291,38
ID2292,39
ID2293,40
ID2294,41
ID2295,42
ID2296,43
ID2297,44
ID2298,45
ID2299,46
ID2300,47
ID2301,48
ID2302,49
ID2303,50
ID2304,51
ID2305,52
ID2306,53
ID2307,54
ID2308,55
ID2309,56
ID2310,57
ID2311,58
ID2312,59
ID2313,60
ID2314,61
ID2315,62
ID2316,63
ID2317,64
ID2318,65
ID2319,66
ID2320,67
ID2321,1
ID2322,2
ID2323,3
ID2324,4
ID2325,5
ID2326,1
ID2327,2
ID2328,3
ID2329,4
ID2330,5
ID2331,6
ID2332,7
ID2333,8
ID2334,9
ID2335,10
ID2336,11
ID2337,12
ID2338,13
ID2339,14
ID2340,15
ID2341,16
ID2342,17
ID2343,1
ID2344,1
ID2345,1
ID2346,2
ID2347,3
ID2348,4
ID2349,5
ID2350,6
ID2351,7
ID2352,8
ID2353,9
ID2354,10
ID2355,11
ID2356,12
ID2357,13
ID2358,14
ID2359,1
ID2360,2
ID2361,3
ID2362,4
ID2363,5
ID2364,6
ID2365,7
ID2366,1
ID2367,2
ID2368,3
ID2369,4
ID2370,5
ID2371,6
ID2372,7
ID2373,8
ID2374,9
ID2375,1
ID2376,1
ID2377,2
ID2378,1
ID2379,2
ID2380,3
ID2381,4
ID2382,5
ID2383,6
ID2384,7
ID2385,1
ID2386,2
ID2387,3
ID2388,4
ID2389,5
ID2390,1
ID2391,2
ID2392,1
ID2393,1
ID2394,1
ID2395,2
ID2396,1
ID2397,1
ID2398,2
ID2399,3
ID2400,4
ID2401,1
ID2402,2
ID2403,3
ID2404,1
ID2405,1
ID2406,2
ID2407,3
ID2408,4
ID2409,5
ID2410,6
ID2411,7
ID2412,8
ID2413,9
ID2414,1
ID2415,2
ID2416,3
ID2417,1
ID2418,2
ID2419,3
ID2420,4
ID2421,1
ID2422,2
ID2423,3
ID2424,4
ID2425,5
ID2426,6
ID2427,7
ID2428,8
ID2429,9
ID2430,10
ID2431,11
ID2432,12
ID2433,1
ID2434,2
ID2435,3
ID2436,4
ID2437,5
ID2438,1
ID2439,2
ID2440,3
ID2441,4
ID2442,5
ID2443,6
ID2444,7
ID2445,8
ID2446,9
ID2447,10
ID2448,11
ID2449,12
ID2450,13
ID2451,14
ID2452,15
ID2453,16
ID2454,17
ID2455,18
ID2456,1
ID2457,2
ID2458,3
ID2459,4
ID2460,5
ID2461,6
ID2462,7
ID2463,8
ID2464,1
ID2465,1
ID2466,1
ID2467,2
ID2468,3
ID2469,1
ID2470,2
ID2471,1
ID2472,2
ID2473,3
ID2474,1
ID2475,2
ID2476,1
ID2477,2
ID2478,1
ID2479,2
ID2480,3
ID2481,4
ID2482,1
ID2483,2
ID2484,3
ID2485,4
ID2486,5
ID2487,6
ID2488,7
ID2489,1
ID2490,2
ID2491,3
ID2492,4
ID2493,5
ID2494,6
ID2495,1
ID2496,2
ID2497,3
ID2498,4
ID2499,5
ID2500,6
ID2501,1
ID2502,2
ID2503,3
ID2504,4
ID2505,5
ID2506,6
ID2507,7
ID2508,8
ID2509,9
ID2510,10
ID2511,11
ID2512,12
ID2513,13
ID2514,14
ID2515,15
ID2516,16
ID2517,17
ID2518,18
ID2519,19
ID2520,20
ID2521,21
ID2522,22
ID2523,1
ID2524,2
ID2525,3
ID2526,1
ID2527,2
ID2528,3
ID2529,1
ID2530,1
ID2531,2
ID2532,1
ID2533,2
ID2534,3
ID2535,4
ID2536,5
ID2537,1
ID2538,2
ID2539,3
ID2540,4
ID2541,1
ID2542,2
ID2543,3
ID2544,4
ID2545,5
ID2546,6
ID2547,1
ID2548,2
ID2549,3
ID2550,4
ID2551,5
ID2552,1
ID2553,2
ID2554,3
ID2555,1
ID2556,2
ID2557,3
ID2558,4
ID2559,5
ID2560,6
ID2561,1
ID2562,2
ID2563,3
ID2564,4
ID2565,5
ID2566,6
ID2567,7
ID2568,8
ID2569,9
ID2570,10
ID2571,11
ID2572,12
ID2573,13
ID2574,1
ID2575,2
ID2576,3
ID2577,4
ID2578,1
ID2579,1
ID2580,1
ID2581,2
ID2582,3
ID2583,4
ID2584,5
ID2585,6
ID2586,7
ID2587,8
ID2588,9
ID2589,10
ID2590,1
ID2591,2
ID2592,3
ID2593,4
ID2594,5
ID2595,6
ID2596,7
ID2597,1
ID2598,1
ID2599,2
ID2600,1
ID2601,1
ID2602,2
ID2603,3
ID2604,4
ID2605,5
ID2606,1
ID2607,2
ID2608,1
ID2609,2
ID2610,3
ID2611,4
ID2612,5
ID2613,6
ID2614,7
ID2615,1
ID2616,2
ID2617,3
ID2618,1
ID2619,2
ID2620,3
ID2621,4
ID2622,5
ID2623,6
ID2624,7
ID2625,8
ID2626,1
ID2627,2
ID2628,3
ID2629,4
ID2630,5
ID2631,1
ID2632,1
ID2633,2
ID2634,3
ID2635,4
ID2636,5
ID2637,6
ID2638,7
ID2639,8
ID2640,1
ID2641,2
ID2642,3
ID2643,4
ID2644,5
ID2645,6
ID2646,7
ID2647,8
ID2648,9
ID2649,10
ID2650,1
ID2651,2
ID2652,3
ID2653,1
ID2654,1
ID2655,2
ID2656,3
ID2657,4
ID2658,1
ID2659,2
ID2660,3
ID2661,4
ID2662,5
ID2663,6
ID2664,7
ID2665,8
ID2666,9
ID2667,10
ID2668,11
ID2669,12
ID2670,13
ID2671,14
ID2672,15
ID2673,16
ID2674,17
ID2675,18
ID2676,1
ID2677,2
ID2678,3
ID2679,4
ID2680,5
ID2681,6
ID2682,7
ID2683,8
ID2684,9
ID2685,1
ID2686,2
ID2687,3
ID2688,4
ID2689,5
ID2690,6
ID2691,7
ID2692,8
ID2693,9
ID2694,10
ID2695,11
ID2696,12
ID2697,1
ID2698,2
ID2699,3
ID2700,4
ID2701,5
ID2702,1
ID2703,2
ID2704,1
ID2705,2
ID2706,1
ID2707,2
ID2708,3
ID2709,4
ID2710,5
ID2711,6
ID2712,7
ID2713,8
ID2714,9
ID2715,10
ID2716,1
ID2717,2
ID2718,3
ID2719,4
ID2720,5
ID2721,1
ID2722,2
ID2723,3
ID2724,4
ID2725,5
ID2726,6
ID2727,7
ID2728,8
ID2729,9
ID2730,10
ID2731,11
ID2732,12
ID2733,13
ID2734,14
ID2735,15
ID2736,16
ID2737,17
ID2738,18
ID2739,19
ID2740,1
ID2741,2
ID2742,3
ID2743,4
ID2744,5
ID2745,6
ID2746,1
ID2747,2
ID2748,1
ID2749,2
ID2750,1
ID2751,2
ID2752,3
ID2753,4
ID2754,5
ID2755,6
ID2756,7
ID2757,8
ID2758,9
ID2759,10
ID2760,11
ID2761,12
ID2762,13
ID2763,14
ID2764,1
ID2765,1
ID2766,2
ID2767,3
ID2768,4
ID2769,5
ID2770,6
ID2771,7
ID2772,8
ID2773,9
ID2774,1
ID2775,2
ID2776,3
ID2777,4
ID2778,5
ID2779,6
ID2780,7
ID2781,8
ID2782,9
ID2783,10
ID2784,11
ID2785,12
ID2786,13
ID2787,14
ID2788,1
ID2789,1
ID2790,2
ID2791,3
ID2792,4
ID2793,5
ID2794,6
ID2795,7
ID2796,8
ID2797,9
ID2798,10
ID2799,11
ID2800,12
ID2801,13
ID2802,14
ID2803,1
ID2804,2
ID2805,3
ID2806,4
ID2807,5
ID2808,6
ID2809,7
ID2810,8
ID2811,1
ID2812,1
ID2813,2
ID2814,3
ID2815,4
ID2816,5
ID2817,6
ID2818,7
ID2819,8
ID2820,9
ID2821,10
ID2822,11
ID2823,12
ID2824,13
ID2825,14
ID2826,15
ID2827,16
ID2828,17
ID2829,18
ID2830,19
ID2831,20
ID2832,21
ID2833,1
ID2834,2
ID2835,3
ID2836,4
ID2837,5
ID2838,6
ID2839,7
ID2840,8
ID2841,9
ID2842,1
ID2843,1
ID2844,2
ID2845,3
ID2846,1
ID2847,2
ID2848,1
ID2849,2
ID2850,3
ID2851,1
ID2852,2
ID2853,3
ID2854,4
ID2855,5
ID2856,6
ID2857,7
ID2858,8
ID2859,9
ID2860,10
ID2861,1
ID2862,2
ID2863,3
ID2864,4
ID2865,5
ID2866,6
ID2867,7
ID2868,8
ID2869,9
ID2870,10
ID2871,11
ID2872,12
ID2873,13
ID2874,14
ID2875,1
ID2876,2
ID2877,3
ID2878,4
ID2879,5
ID2880,6
ID2881,7
ID2882,8
ID2883,9
ID2884,10
ID2885,11
ID2886,12
ID2887,13
ID2888,1
ID2889,2
ID2890,3
ID2891,1
ID2892,2
ID2893,3
ID2894,4
ID2895,5
ID2896,6
ID2897,7
ID2898,8
ID2899,9
ID2900,10
ID2901,11
ID2902,12
ID2903,13
ID2904,14
ID2905,15
ID2906,16
ID2907,1
ID2908,1
ID2909,2
ID2910,3
ID2911,1
ID2912,2
ID2913,3
ID2914,4
ID2915,5
ID2916,6
ID2917,7
ID2918,8
ID2919,9
ID2920,10
ID2921,11
ID2922,12
ID2923,13
ID2924,14
ID2925,15
ID2926,16
ID2927,17
ID2928,18
ID2929,19
ID2930,20
ID2931,21
ID2932,22
ID2933,23
ID2934,24
ID2935,25
ID2936,26
ID2937,27
ID2938,28
ID2939,29
ID2940,30
ID2941,31
ID2942,32
ID2943,33
ID2944,34
ID2945,35
ID2946,36
ID2947,37
ID2948,38
ID2949,39
ID2950,40
ID2951,41
ID2952,42
ID2953,43
ID2954,44
ID2955,45
ID2956,1
ID2957,2
ID2958,3
ID2959,4
ID2960,1
ID2961,2
ID2962,3
ID2963,4
ID2964,5
ID2965,6
ID2966,7
ID2967,8
ID2968,9
ID2969,10
ID2970,11
ID2971,12
ID2972,13
ID2973,14
ID2974,15
ID2975,16
ID2976,17
ID2977,18
ID2978,19
ID2979,20
ID2980,21
ID2981,22
ID2982,23
ID2983,24
ID2984,1
ID2985,2
ID2986,3
ID2987,4
ID2988,1
ID2989,2
ID2990,3
ID2991,4
ID2992,5
ID2993,6
ID2994,7
ID2995,1
ID2996,2
ID2997,3
ID2998,1
ID2999,2
ID3000,3
ID3001,4
ID3002,5
ID3003,6
ID3004,7
ID3005,8
ID3006,9
ID3007,10
ID3008,11
ID3009,12
ID3010,13
ID3011,14
ID3012,1
ID3013,1
ID3014,1
ID3015,2
ID3016,3
ID3017,4
ID3018,5
ID3019,6
ID3020,7
ID3021,8
ID3022,9
ID3023,10
ID3024,11
ID3025,12
ID3026,13
ID3027,1
ID3028,1
ID3029,2
ID3030,3
ID3031,4
ID3032,5
ID3033,1
ID3034,2
ID3035,1
ID3036,2
ID3037,3
ID3038,1
ID3039,2
ID3040,3
ID3041,4
ID3042,5
ID3043,6
ID3044,7
ID3045,8
ID3046,9
ID3047,10
ID3048,11
ID3049,12
ID3050,13
ID3051,14
ID3052,15
ID3053,16
ID3054,17
ID3055,1
ID3056,2
ID3057,3
ID3058,4
ID3059,5
ID3060,6
ID3061,7
ID3062,8
ID3063,9
ID3064,10
ID3065,11
ID3066,12
ID3067,13
ID3068,1
ID3069,2
ID3070,3
ID3071,4
ID3072,5
ID3073,1
ID3074,2
ID3075,3
ID3076,4
ID3077,5
ID3078,6
ID3079,1
ID3080,2
ID3081,3
ID3082,4
ID3083,1
ID3084,1
ID3085,1
ID3086,2
ID3087,3
ID3088,1
ID3089,1
ID3090,1
ID3091,1
ID3092,2
ID3093,1
ID3094,2
ID3095,3
ID3096,4
ID3097,5
ID3098,6
ID3099,7
ID3100,8
ID3101,9
ID3102,10
ID3103,1
ID3104,2
ID3105,1
ID3106,1
ID3107,1
ID3108,1
ID3109,1
ID3110,1
ID3111,1
ID3112,1
ID3113,2
ID3114,1
ID3115,2
ID3116,3
ID3117,4
ID3118,5
ID3119,6
ID3120,7
ID3121,8
ID3122,9
ID3123,1
ID3124,2
ID3125,3
ID3126,4
ID3127,5
ID3128,6
ID3129,7
ID3130,8
ID3131,9
ID3132,10
ID3133,11
ID3134,12
ID3135,13
ID3136,14
ID3137,15
ID3138,16
ID3139,17
ID3140,18
ID3141,19
ID3142,20
ID3143,21
ID3144,22
ID3145,23
ID3146,24
ID3147,25
ID3148,26
ID3149,27
ID3150,28
ID3151,29
ID3152,30
ID3153,31
ID3154,32
ID3155,33
ID3156,34
ID3157,35
ID3158,36
ID3159,37
ID3160,38
ID3161,39
ID3162,1
ID3163,2
ID3164,3
ID3165,4
ID3166,1
ID3167,2
ID3168,3
ID3169,4
ID3170,5
ID3171,6
ID3172,7
ID3173,8
ID3174,9
ID3175,10
ID3176,11
ID3177,12
ID3178,13
ID3179,14
ID3180,15
ID3181,16
ID3182,17
ID3183,18
ID3184,19
ID3185,20
ID3186,21
ID3187,22
ID3188,23
ID3189,24
ID3190,25
ID3191,26
ID3192,27
ID3193,28
ID3194,29
ID3195,30
ID3196,31
ID3197,32
ID3198,33
ID3199,34
ID3200,35
ID3201,36
ID3202,37
ID3203,38
ID3204,39
ID3205,40
ID3206,41
ID3207,42
ID3208,43
ID3209,44
ID3210,45
ID3211,46
ID3212,47
ID3213,48
ID3214,49
ID3215,50
ID3216,51
ID3217,52
ID3218,53
ID3219,54
ID3220,55
ID3221,56
ID3222,57
ID3223,58
ID3224,59
ID3225,60
ID3226,61
ID3227,62
ID3228,63
ID3229,64
ID3230,65
ID3231,66
ID3232,67
ID3233,68
ID3234,69
ID3235,1
ID3236,2
ID3237,3
ID3238,4
ID3239,5
ID3240,6
ID3241,7
ID3242,8
ID3243,9
ID3244,10
ID3245,11
ID3246,12
ID3247,13
ID3248,14
ID3249,15
ID3250,16
ID3251,17
ID3252,18
ID3253,19
ID3254,20
ID3255,21
ID3256,1
ID3257,2
ID3258,3
ID3259,4
ID3260,5
ID3261,6
ID3262,7
ID3263,8
ID3264,9
ID3265,10
ID3266,11
ID3267,12
ID3268,1
ID3269,2
ID3270,3
ID3271,4
ID3272,5
ID3273,6
ID3274,7
ID3275,8
ID3276,9
ID3277,10
ID3278,11
ID3279,12
ID3280,13
ID3281,14
ID3282,15
ID3283,16
ID3284,17
ID3285,18
ID3286,1
ID3287,2
ID3288,3
ID3289,4
ID3290,5
ID3291,6
ID3292,7
ID3293,8
ID3294,9
ID3295,10
ID3296,11
ID3297,12
ID3298,13
ID3299,14
ID3300,15
ID3301,16
ID3302,17
ID3303,18
ID3304,19
ID3305,20
ID3306,21
ID3307,22
ID3308,23
ID3309,24
ID3310,25
ID3311,26
ID3312,27
ID3313,28
ID3314,29
ID3315,30
ID3316,31
ID3317,32
ID3318,33
ID3319,34
ID3320,35
ID3321,36
ID3322,37
ID3323,38
ID3324,39
ID3325,40
ID3326,1
ID3327,2
ID3328,3
ID3329,4
ID3330,5
ID3331,6
ID3332,7
ID3333,8
ID3334,9
ID3335,10
ID3336,11
ID3337,12
ID3338,13
ID3339,14
ID3340,15
ID3341,16
ID3342,17
ID3343,18
ID3344,19
ID3345,20
ID3346,21
ID3347,22
ID3348,23
ID3349,24
ID3350,25
ID3351,26
ID3352,27
ID3353,28
ID3354,29
ID3355,30
ID3356,31
ID3357,32
ID3358,33
ID3359,34
ID3360,35
ID3361,36
ID3362,37
ID3363,38
ID3364,39
ID3365,40
ID3366,41
ID3367,42
ID3368,43
ID3369,44
ID3370,45
ID3371,46
ID3372,47
ID3373,48
ID3374,49
ID3375,50
ID3376,51
ID3377,52
ID3378,53
ID3379,54
ID3380,55
ID3381,56
ID3382,57
ID3383,58
ID3384,59
ID3385,60
ID3386,61
ID3387,62
ID3388,63
ID3389,64
ID3390,65
ID3391,66
ID3392,67
ID3393,68
ID3394,69
ID3395,70
ID3396,71
ID3397,72
ID3398,1
ID3399,1
ID3400,2
ID3401,3
ID3402,4
ID3403,5
ID3404,6
ID3405,7
ID3406,8
ID3407,9
ID3408,10
ID3409,11
ID3410,12
ID3411,13
ID3412,14
ID3413,15
ID3414,16
ID3415,17
ID3416,18
ID3417,19
ID3418,20
ID3419,21
ID3420,22
ID3421,23
ID3422,24
ID3423,25
ID3424,26
ID3425,27
ID3426,28
ID3427,29
ID3428,30
ID3429,31
ID3430,32
ID3431,33
ID3432,34
ID3433,35
ID3434,36
ID3435,1
ID3436,2
ID3437,3
ID3438,4
ID3439,5
ID3440,6
ID3441,7
ID3442,8
ID3443,9
ID3444,10
ID3445,1
ID3446,2
ID3447,3
ID3448,4
ID3449,5
ID3450,6
ID3451,7
ID3452,8
ID3453,1
ID3454,2
ID3455,3
ID3456,4
ID3457,5
ID3458,1
ID3459,2
ID3460,3
ID3461,4
ID3462,5
ID3463,6
ID3464,1
ID3465,2
ID3466,3
ID3467,4
ID3468,5
ID3469,6
ID3470,7
ID3471,8
ID3472,9
ID3473,10
ID3474,1
ID3475,2
ID3476,3
ID3477,4
ID3478,1
ID3479,2
ID3480,3
ID3481,4
ID3482,5
ID3483,6
ID3484,7
ID3485,1
ID3486,2
ID3487,3
ID3488,4
ID3489,5
ID3490,6
ID3491,7
ID3492,8
ID3493,9
ID3494,10
ID3495,11
ID3496,12
ID3497,13
ID3498,14
ID3499,15
ID3500,16
ID3501,17
ID3502,18
ID3503,19
ID3504,20
ID3505,21
ID3506,22
ID3507,23
ID3508,24
ID3509,25
ID3510,1
ID3511,2
ID3512,3
ID3513,4
ID3514,5
ID3515,6
ID3516,7
ID3517,8
ID3518,9
ID3519,10
ID3520,11
ID3521,12
ID3522,13
ID3523,1
ID3524,2
ID3525,3
ID3526,4
ID3527,5
ID3528,6
ID3529,7
ID3530,8
ID3531,9
ID3532,10
ID3533,11
ID3534,12
ID3535,13
ID3536,14
ID3537,15
ID3538,16
ID3539,17
ID3540,18
ID3541,19
ID3542,20
ID3543,21
ID3544,22
ID3545,23
ID3546,24
ID3547,25
ID3548,26
ID3549,1
ID3550,2
ID3551,3
ID3552,4
ID3553,5
ID3554,6
ID3555,7
ID3556,1
ID3557,1
ID3558,2
ID3559,3
ID3560,4
ID3561,1
ID3562,1
ID3563,2
ID3564,3
ID3565,4
ID3566,5
ID3567,1
ID3568,2
ID3569,3
ID3570,4
ID3571,5
ID3572,1
ID3573,2
ID3574,3
ID3575,4
ID3576,5
ID3577,6
ID3578,7
ID3579,8
ID3580,9
ID3581,10
ID3582,1
ID3583,2
ID3584,3
ID3585,4
ID3586,5
ID3587,6
ID3588,7
ID3589,8
ID3590,9
ID3591,10
ID3592,11
ID3593,12
ID3594,13
ID3595,14
ID3596,15
ID3597,16
ID3598,17
ID3599,18
ID3600,19
ID3601,20
ID3602,21
ID3603,22
ID3604,23
ID3605,24
ID3606,25
ID3607,26
ID3608,27
ID3609,1
ID3610,2
ID3611,3
ID3612,4
ID3613,1
ID3614,2
ID3615,3
ID3616,4
ID3617,5
ID3618,6
ID3619,7
ID3620,1
ID3621,2
ID3622,3
ID3623,4
ID3624,5
ID3625,6
ID3626,1
ID3627,2
ID3628,3
ID3629,4
ID3630,5
ID3631,6
ID3632,1
ID3633,2
ID3634,3
ID3635,4
ID3636,5
ID3637,6
ID3638,7
ID3639,8
ID3640,9
ID3641,10
ID3642,1
ID3643,2
ID3644,3
ID3645,4
ID3646,5
ID3647,6
ID3648,7
ID3649,8
ID3650,9
ID3651,10
ID3652,11
ID3653,12
ID3654,13
ID3655,14
ID3656,15
ID3657,16
ID3658,17
ID3659,18
ID3660,19
ID3661,20
ID3662,21
ID3663,22
ID3664,23
ID3665,24
ID3666,25
ID3667,26
ID3668,27
ID3669,28
ID3670,29
ID3671,30
ID3672,31
ID3673,32
ID3674,33
ID3675,34
ID3676,35
ID3677,1
ID3678,2
ID3679,3
ID3680,4
ID3681,5
ID3682,6
ID3683,7
ID3684,8
ID3685,9
ID3686,10
ID3687,11
ID3688,12
ID3689,13
ID3690,14
ID3691,15
ID3692,16
ID3693,17
ID3694,18
ID3695,19
ID3696,20
ID3697,21
ID3698,22
ID3699,23
ID3700,24
ID3701,25
ID3702,26
ID3703,27
ID3704,28
ID3705,29
ID3706,30
ID3707,31
ID3708,32
ID3709,33
ID3710,34
ID3711,35
ID3712,36
ID3713,37
ID3714,38
ID3715,39
ID3716,40
ID3717,41
ID3718,42
ID3719,43
ID3720,44
ID3721,45
ID3722,46
ID3723,47
ID3724,48
ID3725,49
ID3726,50
ID3727,51
ID3728,52
ID3729,53
ID3730,54
ID3731,55
ID3732,56
ID3733,57
ID3734,58
ID3735,59
ID3736,60
ID3737,1
ID3738,2
ID3739,3
ID3740,4
ID3741,5
ID3742,6
ID3743,7
ID3744,8
ID3745,9
ID3746,10
ID3747,11
ID3748,12
ID3749,13
ID3750,14
ID3751,15
ID3752,16
ID3753,17
ID3754,18
ID3755,19
ID3756,20
ID3757,21
ID3758,22
ID3759,23
ID3760,24
ID3761,25
ID3762,26
ID3763,27
ID3764,1
ID3765,1
ID3766,2
ID3767,3
ID3768,4
ID3769,5
ID3770,6
ID3771,7
ID3772,8
ID3773,9
ID3774,10
ID3775,11
ID3776,12
ID3777,13
ID3778,14
ID3779,15
ID3780,16
ID3781,17
ID3782,18
ID3783,19
ID3784,20
ID3785,21
ID3786,22
ID3787,23
ID3788,24
ID3789,25
ID3790,26
ID3791,27
ID3792,28
ID3793,29
ID3794,30
ID3795,31
ID3796,32
ID3797,33
ID3798,34
ID3799,35
ID3800,36
ID3801,37
ID3802,38
ID3803,39
ID3804,40
ID3805,41
ID3806,42
ID3807,43
ID3808,44
ID3809,45
ID3810,46
ID3811,47
ID3812,48
ID3813,49
ID3814,50
ID3815,51
ID3816,52
ID3817,53
ID3818,54
ID3819,55
ID3820,56
ID3821,57
ID3822,58
ID3823,59
ID3824,60
ID3825,61
ID3826,62
ID3827,63
ID3828,64
ID3829,65
ID3830,66
ID3831,67
ID3832,68
ID3833,69
ID3834,70
ID3835,71
ID3836,72
ID3837,73
ID3838,74
ID3839,75
ID3840,76
ID3841,77
ID3842,78
ID3843,79
ID3844,80
ID3845,81
ID3846,82
ID3847,83
ID3848,84
ID3849,85
ID3850,86
ID3851,87
ID3852,88
ID3853,89
ID3854,90
ID3855,91
ID3856,92
ID3857,93
ID3858,94
ID3859,95
ID3860,96
ID3861,97
ID3862,98
ID3863,99
ID3864,100
ID3865,101
ID3866,102
ID3867,103
ID3868,104
ID3869,105
ID3870,106
ID3871,107
ID3872,108
ID3873,109
ID3874,110
ID3875,111
ID3876,112
ID3877,113
ID3878,114
ID3879,115
ID3880,116
ID3881,117
ID3882,118
ID3883,119
ID3884,120
ID3885,121
ID3886,122
ID3887,123
ID3888,124
ID3889,125
ID3890,126
ID3891,127
ID3892,128
ID3893,129
ID3894,130
ID3895,131
ID3896,132
ID3897,133
ID3898,134
ID3899,135
ID3900,136
ID3901,137
ID3902,138
ID3903,139
ID3904,140
ID3905,141
ID3906,142
ID3907,143
ID3908,144
ID3909,145
ID3910,146
ID3911,147
ID3912,148
ID3913,149
ID3914,150
ID3915,151
ID3916,152
ID3917,153
ID3918,154
ID3919,155
ID3920,1
ID3921,2
ID3922,3
ID3923,4
ID3924,5
ID3925,6
ID3926,7
ID3927,8
ID3928,9
ID3929,10
ID3930,1
ID3931,1
ID3932,2
ID3933,3
ID3934,4
ID3935,5
ID3936,6
ID3937,7
ID3938,8
ID3939,9
ID3940,10
ID3941,11
ID3942,12
ID3943,13
ID3944,14
ID3945,15
ID3946,16
ID3947,17
ID3948,18
ID3949,19
ID3950,20
ID3951,1
ID3952,2
ID3953,3
ID3954,4
ID3955,5
ID3956,6
ID3957,7
ID3958,8
ID3959,9
ID3960,10
ID3961,11
ID3962,12
ID3963,13
ID3964,14
ID3965,15
ID3966,16
ID3967,17
ID3968,18
ID3969,19
ID3970,20
ID3971,21
ID3972,22
ID3973,1
ID3974,2
ID3975,3
ID3976,4
ID3977,5
ID3978,6
ID3979,7
ID3980,8
ID3981,9
ID3982,1
ID3983,2
ID3984,3
ID3985,4
ID3986,5
ID3987,6
ID3988,1
ID3989,2
ID3990,3
ID3991,4
ID3992,5
ID3993,6
ID3994,7
ID3995,8
ID3996,9
ID3997,10
ID3998,1
ID3999,2
ID4000,1
ID4001,2
ID4002,3
ID4003,4
ID4004,5
ID4005,6
ID4006,7
ID4007,8
ID4008,9
ID4009,10
ID4010,11
ID4011,12
ID4012,13
ID4013,14
ID4014,15
ID4015,16
ID4016,17
ID4017,1
ID4018,1
ID4019,2
ID4020,3
ID4021,4
ID4022,5
ID4023,6
ID4024,7
ID4025,8
ID4026,9
ID4027,10
ID4028,11
ID4029,12
ID4030,13
ID4031,14
ID4032,15
ID4033,16
ID4034,17
ID4035,18
ID4036,19
ID4037,20
ID4038,21
ID4039,22
ID4040,23
ID4041,1
ID4042,2
ID4043,3
ID4044,4
ID4045,5
ID4046,6
ID4047,7
ID4048,8
ID4049,9
ID4050,10
ID4051,11
ID4052,12
ID4053,13
ID4054,14
ID4055,1
ID4056,2
ID4057,3
ID4058,4
ID4059,5
ID4060,6
ID4061,7
ID4062,8
ID4063,9
ID4064,1
ID4065,1
ID4066,1
ID4067,2
ID4068,3
ID4069,4
ID4070,5
ID4071,6
ID4072,1
ID4073,2
ID4074,3
ID4075,4
ID4076,5
ID4077,6
ID4078,7
ID4079,8
ID4080,9
ID4081,10
ID4082,11
ID4083,12
ID4084,13
ID4085,14
ID4086,15
ID4087,16
ID4088,17
ID4089,1
ID4090,1
ID4091,2
ID4092,3
ID4093,4
ID4094,5
ID4095,6
ID4096,7
ID4097,8
ID4098,9
ID4099,10
ID4100,11
ID4101,12
ID4102,13
ID4103,14
ID4104,15
ID4105,16
ID4106,17
ID4107,18
ID4108,19
ID4109,20
ID4110,21
ID4111,22
ID4112,23
ID4113,24
ID4114,25
ID4115,26
ID4116,27
ID4117,28
ID4118,29
ID4119,30
ID4120,31
ID4121,32
ID4122,33
ID4123,34
ID4124,35
ID4125,36
ID4126,37
ID4127,38
ID4128,39
ID4129,40
ID4130,41
ID4131,42
ID4132,43
ID4133,44
ID4134,45
ID4135,46
ID4136,47
ID4137,48
ID4138,49
ID4139,50
ID4140,51
ID4141,52
ID4142,53
ID4143,54
ID4144,55
ID4145,56
ID4146,57
ID4147,58
ID4148,59
ID4149,60
ID4150,61
ID4151,62
ID4152,63
ID4153,64
ID4154,65
ID4155,66
ID4156,67
ID4157,68
ID4158,1
ID4159,1
ID4160,1
ID4161,1
ID4162,1
ID4163,2
ID4164,3
ID4165,4
ID4166,5
ID4167,6
ID4168,1
ID4169,2
ID4170,3
ID4171,1
ID4172,2
ID4173,3
ID4174,4
ID4175,5
ID4176,6
ID4177,7
ID4178,8
ID4179,9
ID4180,10
ID4181,11
ID4182,12
ID4183,13
ID4184,14
ID4185,15
ID4186,16
ID4187,17
ID4188,18
ID4189,19
ID4190,20
ID4191,21
ID4192,22
ID4193,1
ID4194,2
ID4195,3
ID4196,1
ID4197,2
ID4198,3
ID4199,4
ID4200,5
ID4201,6
ID4202,7
ID4203,8
ID4204,9
ID4205,10
ID4206,11
ID4207,1
ID4208,2
ID4209,3
ID4210,4
ID4211,1
ID4212,2
ID4213,3
ID4214,4
ID4215,5
ID4216,6
ID4217,7
ID4218,8
ID4219,9
ID4220,10
ID4221,11
ID4222,12
ID4223,13
ID4224,14
ID4225,15
ID4226,16
ID4227,17
ID4228,18
ID4229,19
ID4230,20
ID4231,21
ID4232,22
ID4233,23
ID4234,24
ID4235,25
ID4236,26
ID4237,27
ID4238,1
ID4239,2
ID4240,3
ID4241,4
ID4242,5
ID4243,6
ID4244,7
ID4245,8
ID4246,9
ID4247,10
ID4248,11
ID4249,12
ID4250,13
ID4251,14
ID4252,15
ID4253,16
ID4254,17
ID4255,18
ID4256,19
ID4257,20
ID4258,21
ID4259,22
ID4260,23
ID4261,24
ID4262,25
ID4263,26
ID4264,27
ID4265,1
ID4266,2
ID4267,3
ID4268,4
ID4269,5
ID4270,6
ID4271,7
ID4272,8
ID4273,9
ID4274,10
ID4275,1
ID4276,2
ID4277,3
ID4278,1
ID4279,2
ID4280,3
ID4281,1
ID4282,1
ID4283,2
ID4284,3
ID4285,4
ID4286,5
ID4287,6
ID4288,7
ID4289,8
ID4290,9
ID4291,10
ID4292,11
ID4293,12
ID4294,13
ID4295,14
ID4296,15
ID4297,16
ID4298,17
ID4299,18
ID4300,19
ID4301,20
ID4302,21
ID4303,22
ID4304,23
ID4305,24
ID4306,25
ID4307,26
ID4308,27
ID4309,28
ID4310,29
ID4311,30
ID4312,31
ID4313,32
ID4314,33
ID4315,34
ID4316,35
ID4317,36
ID4318,37
ID4319,38
ID4320,39
ID4321,40
ID4322,41
ID4323,42
ID4324,43
ID4325,44
ID4326,45
ID4327,46
ID4328,47
ID4329,48
ID4330,49
ID4331,50
ID4332,51
ID4333,52
ID4334,53
ID4335,54
ID4336,55
ID4337,56
ID4338,57
ID4339,58
ID4340,59
ID4341,60
ID4342,61
ID4343,62
ID4344,63
ID4345,64
ID4346,65
ID4347,66
ID4348,67
ID4349,68
ID4350,69
ID4351,70
ID4352,71
ID4353,72
ID4354,73
ID4355,74
ID4356,75
ID4357,76
ID4358,77
ID4359,78
ID4360,79
ID4361,80
ID4362,81
ID4363,82
ID4364,83
ID4365,84
ID4366,85
ID4367,86
ID4368,87
ID4369,88
ID4370,89
ID4371,90
ID4372,91
ID4373,92
ID4374,93
ID4375,94
ID4376,95
ID4377,96
ID4378,97
ID4379,98
ID4380,99
ID4381,100
ID4382,101
ID4383,102
ID4384,103
ID4385,104
ID4386,1
ID4387,2
ID4388,3
ID4389,4
ID4390,5
ID4391,6
ID4392,7
ID4393,8
ID4394,9
ID4395,10
ID4396,11
ID4397,12
ID4398,13
ID4399,14
ID4400,15
ID4401,1
ID4402,2
ID4403,3
ID4404,4
ID4405,5
ID4406,6
ID4407,7
ID4408,8
ID4409,9
ID4410,10
ID4411,11
ID4412,12
ID4413,13
ID4414,14
ID4415,15
ID4416,16
ID4417,17
ID4418,18
ID4419,19
ID4420,20
ID4421,21
ID4422,22
ID4423,23
ID4424,24
ID4425,25
ID4426,26
ID4427,27
ID4428,28
ID4429,29
ID4430,30
ID4431,31
ID4432,32
ID4433,33
ID4434,34
ID4435,35
ID4436,36
ID4437,37
ID4438,38
ID4439,39
ID4440,40
ID4441,41
ID4442,42
ID4443,43
ID4444,44
ID4445,45
ID4446,46
ID4447,47
ID4448,48
ID4449,1
ID4450,2
ID4451,3
ID4452,4
ID4453,5
ID4454,6
ID4455,7
ID4456,1
ID4457,1
ID4458,1
ID4459,2
ID4460,1
ID4461,1
ID4462,2
ID4463,1
ID4464,2
ID4465,1
ID4466,2
ID4467,3
ID4468,1
ID4469,1
ID4470,2
ID4471,3
ID4472,4
ID4473,5
ID4474,6
ID4475,7
ID4476,8
ID4477,9
ID4478,10
ID4479,1
ID4480,2
ID4481,3
ID4482,4
ID4483,5
ID4484,6
ID4485,7
ID4486,8
ID4487,9
ID4488,10
ID4489,11
ID4490,12
ID4491,13
ID4492,14
ID4493,15
ID4494,16
ID4495,17
ID4496,18
ID4497,19
ID4498,20
ID4499,21
ID4500,1
ID4501,2
ID4502,3
ID4503,4
ID4504,5
ID4505,6
ID4506,7
ID4507,8
ID4508,9
ID4509,1
ID4510,2
ID4511,3
ID4512,1
ID4513,2
ID4514,3
ID4515,4
ID4516,5
ID4517,6
ID4518,7
ID4519,8
ID4520,9
ID4521,10
ID4522,11
ID4523,1
ID4524,2
ID4525,3
ID4526,4
ID4527,5
ID4528,6
ID4529,7
ID4530,8
ID4531,9
ID4532,10
ID4533,11
ID4534,12
ID4535,13
ID4536,14
ID4537,15
ID4538,16
ID4539,17
ID4540,18
ID4541,19
ID4542,20
ID4543,21
ID4544,22
ID4545,23
ID4546,24
ID4547,25
ID4548,26
ID4549,1
ID4550,2
ID4551,3
ID4552,4
ID4553,5
ID4554,6
ID4555,7
ID4556,8
ID4557,9
ID4558,10
ID4559,1
ID4560,2
ID4561,3
ID4562,4
ID4563,1
ID4564,2
ID4565,3
ID4566,4
ID4567,5
ID4568,6
ID4569,7
ID4570,8
ID4571,9
ID4572,1
ID4573,2
ID4574,3
ID4575,4
ID4576,5
ID4577,6
ID4578,7
ID4579,8
ID4580,9
ID4581,10
ID4582,1
ID4583,2
ID4584,3
ID4585,4
ID4586,5
ID4587,1
ID4588,2
ID4589,3
ID4590,4
ID4591,5
ID4592,6
ID4593,7
ID4594,8
ID4595,9
ID4596,10
ID4597,11
ID4598,12
ID4599,13
ID4600,14
ID4601,15
ID4602,16
ID4603,1
ID4604,1
ID4605,2
ID4606,3
ID4607,4
ID4608,5
ID4609,6
ID4610,7
ID4611,1
ID4612,2
ID4613,3
ID4614,4
ID4615,5
ID4616,6
ID4617,7
ID4618,8
ID4619,9
ID4620,10
ID4621,11
ID4622,12
ID4623,13
ID4624,14
ID4625,15
ID4626,16
ID4627,17
ID4628,18
ID4629,19
ID4630,20
ID4631,1
ID4632,2
ID4633,3
ID4634,4
ID4635,5
ID4636,6
ID4637,7
ID4638,8
ID4639,9
ID4640,10
ID4641,11
ID4642,12
ID4643,13
ID4644,14
ID4645,15
ID4646,16
ID4647,17
ID4648,18
ID4649,19
ID4650,20
ID4651,21
ID4652,22
ID4653,23
ID4654,24
ID4655,25
ID4656,26
ID4657,27
ID4658,28
ID4659,29
ID4660,30
ID4661,31
ID4662,32
ID4663,33
ID4664,34
ID4665,35
ID4666,36
ID4667,37
ID4668,38
ID4669,39
ID4670,40
ID4671,41
ID4672,42
ID4673,43
ID4674,44
ID4675,45
ID4676,46
ID4677,47
ID4678,48
ID4679,49
ID4680,1
ID4681,2
ID4682,3
ID4683,4
ID4684,5
ID4685,6
ID4686,7
ID4687,8
ID4688,9
ID4689,10
ID4690,1
ID4691,1
ID4692,1
ID4693,2
ID4694,1
ID4695,2
ID4696,1
ID4697,2
ID4698,3
ID4699,4
ID4700,5
ID4701,6
ID4702,7
ID4703,8
ID4704,9
ID4705,10
ID4706,11
ID4707,12
ID4708,13
ID4709,1
ID4710,2
ID4711,3
ID4712,4
ID4713,1
ID4714,1
ID4715,1
ID4716,2
ID4717,1
ID4718,2
ID4719,1
ID4720,2
ID4721,3
ID4722,4
ID4723,5
ID4724,6
ID4725,1
ID4726,2
ID4727,3
ID4728,4
ID4729,5
ID4730,1
ID4731,2
ID4732,1
ID4733,2
ID4734,1
ID4735,1
ID4736,2
ID4737,3
ID4738,1
ID4739,2
ID4740,3
ID4741,4
ID4742,5
ID4743,6
ID4744,7
ID4745,8
ID4746,1
ID4747,2
ID4748,3
ID4749,4
ID4750,1
ID4751,2
ID4752,3
ID4753,4
ID4754,5
ID4755,6
ID4756,7
ID4757,1
ID4758,2
ID4759,3
ID4760,4
ID4761,5
ID4762,6
ID4763,1
ID4764,2
ID4765,3
ID4766,4
ID4767,5
ID4768,6
ID4769,7
ID4770,8
ID4771,9
ID4772,10
ID4773,11
ID4774,12
ID4775,13
ID4776,14
ID4777,15
ID4778,16
ID4779,17
ID4780,1
ID4781,2
ID4782,3
ID4783,4
ID4784,5
ID4785,6
ID4786,7
ID4787,1
ID4788,2
ID4789,3
ID4790,4
ID4791,5
ID4792,6
ID4793,1
ID4794,2
ID4795,1
ID4796,1
ID4797,2
ID4798,3
ID4799,4
ID4800,1
ID4801,2
ID4802,3
ID4803,1
ID4804,2
ID4805,1
ID4806,1
ID4807,2
ID4808,3
ID4809,1
ID4810,1
ID4811,1
ID4812,1
ID4813,1
ID4814,1
ID4815,1
ID4816,2
ID4817,3
ID4818,1
ID4819,2
ID4820,1
ID4821,1
ID4822,2
ID4823,3
ID4824,4
ID4825,1
ID4826,2
ID4827,3
ID4828,4
ID4829,5
ID4830,6
ID4831,7
ID4832,8
ID4833,1
ID4834,2
ID4835,1
ID4836,2
ID4837,3
ID4838,4
ID4839,1
ID4840,1
ID4841,1
ID4842,2
ID4843,1
ID4844,2
ID4845,3
ID4846,4
ID4847,1
ID4848,1
ID4849,2
ID4850,3
ID4851,4
ID4852,5
ID4853,6
ID4854,7
ID4855,8
ID4856,9
ID4857,1
ID4858,2
ID4859,1
ID4860,1
ID4861,2
ID4862,1
ID4863,2
ID4864,1
ID4865,2
ID4866,3
ID4867,4
ID4868,1
ID4869,1
ID4870,1
ID4871,2
ID4872,3
ID4873,4
ID4874,5
ID4875,6
ID4876,7
ID4877,8
ID4878,9
ID4879,10
ID4880,11
ID4881,12
ID4882,13
ID4883,14
ID4884,1
ID4885,2
ID4886,1
ID4887,2
ID4888,3
ID4889,1
ID4890,2
ID4891,3
ID4892,4
ID4893,5
ID4894,6
ID4895,7
ID4896,1
ID4897,2
ID4898,3
ID4899,4
ID4900,5
ID4901,6
ID4902,1
ID4903,2
ID4904,1
ID4905,2
ID4906,3
ID4907,4
ID4908,5
ID4909,6
ID4910,7
ID4911,8
ID4912,9
ID4913,10
ID4914,11
ID4915,12
ID4916,1
ID4917,2
ID4918,3
ID4919,4
ID4920,1
ID4921,2
ID4922,3
ID4923,4
ID4924,5
ID4925,6
ID4926,7
ID4927,8
ID4928,9
ID4929,10
ID4930,11
ID4931,1
ID4932,2
ID4933,3
ID4934,4
ID4935,5
ID4936,6
ID4937,7
ID4938,8
ID4939,9
ID4940,10
ID4941,11
ID4942,12
ID4943,13
ID4944,14
ID4945,15
ID4946,1
ID4947,2
ID4948,1
ID4949,1
ID4950,1
ID4951,1
ID4952,2
ID4953,3
ID4954,4
ID4955,5
ID4956,6
ID4957,7
ID4958,8
ID4959,9
ID4960,10
ID4961,11
ID4962,1
ID4963,1
ID4964,2
ID4965,3
ID4966,1
ID4967,1
ID4968,1
ID4969,2
ID4970,3
ID4971,4
ID4972,5
ID4973,6
ID4974,7
ID4975,8
ID4976,9
ID4977,1
ID4978,2
ID4979,1
ID4980,2
ID4981,3
ID4982,4
ID4983,1
ID4984,2
ID4985,3
ID4986,4
ID4987,5
ID4988,6
ID4989,7
ID4990,1
ID4991,2
ID4992,3
ID4993,4
ID4994,5
ID4995,6
ID4996,7
ID4997,1
ID4998,2
ID4999,1
ID5000,2
ID5001,3
ID5002,1
ID5003,2
ID5004,3
ID5005,1
ID5006,2
ID5007,1
ID5008,2
ID5009,3
ID5010,4
ID5011,5
ID5012,6
ID5013,1
ID5014,2
ID5015,3
ID5016,4
ID5017,5
ID5018,6
ID5019,7
ID5020,1
ID5021,2
ID5022,3
ID5023,4
ID5024,5
ID5025,6
ID5026,1
ID5027,2
ID5028,1
ID5029,1
ID5030,2
ID5031,1
ID5032,2
ID5033,3
ID5034,4
ID5035,5
ID5036,6
ID5037,1
ID5038,1
ID5039,2
ID5040,3
ID5041,4
ID5042,5
ID5043,6
ID5044,7
ID5045,1
ID5046,1
ID5047,1
ID5048,2
ID5049,3
ID5050,1
ID5051,2
ID5052,3
ID5053,4
ID5054,5
ID5055,6
ID5056,7
ID5057,8
ID5058,9
ID5059,10
ID5060,11
ID5061,12
ID5062,13
ID5063,14
ID5064,15
ID5065,16
ID5066,17
ID5067,18
ID5068,19
ID5069,20
ID5070,21
ID5071,22
ID5072,23
ID5073,24
ID5074,25
ID5075,26
ID5076,27
ID5077,28
ID5078,29
ID5079,30
ID5080,1
ID5081,1
ID5082,1
ID5083,2
ID5084,3
ID5085,4
ID5086,5
ID5087,1
ID5088,2
ID5089,3
ID5090,4
ID5091,5
ID5092,6
ID5093,7
ID5094,8
ID5095,9
ID5096,10
ID5097,11
ID5098,12
ID5099,13
ID5100,14
ID5101,15
ID5102,1
ID5103,2
ID5104,3
ID5105,4
ID5106,1
ID5107,1
ID5108,2
ID5109,3
ID5110,4
ID5111,1
ID5112,2
ID5113,3
ID5114,4
ID5115,5
ID5116,6
ID5117,7
ID5118,1
ID5119,2
ID5120,3
ID5121,4
ID5122,5
ID5123,1
ID5124,2
ID5125,1
ID5126,1
ID5127,2
ID5128,3
ID5129,4
ID5130,5
ID5131,1
ID5132,2
ID5133,3
ID5134,4
ID5135,1
ID5136,2
ID5137,3
ID5138,1
ID5139,1
ID5140,1
ID5141,2
ID5142,1
ID5143,2
ID5144,3
ID5145,4
ID5146,5
ID5147,6
ID5148,7
ID5149,8
ID5150,9
ID5151,10
ID5152,11
ID5153,12
ID5154,1
ID5155,1
ID5156,2
ID5157,3
ID5158,4
ID5159,5
ID5160,6
ID5161,7
ID5162,8
ID5163,9
ID5164,10
ID5165,11
ID5166,1
ID5167,1
ID5168,1
ID5169,1
ID5170,1
ID5171,2
ID5172,3
ID5173,4
ID5174,5
ID5175,6
ID5176,7
ID5177,1
ID5178,2
ID5179,3
ID5180,4
ID5181,5
ID5182,6
ID5183,1
ID5184,2
ID5185,1
ID5186,1
ID5187,2
ID5188,3
ID5189,4
ID5190,1
ID5191,1
ID5192,1
ID5193,2
ID5194,3
ID5195,4
ID5196,1
ID5197,2
ID5198,3
ID5199,4
ID5200,1
ID5201,1
ID5202,2
ID5203,3
ID5204,4
ID5205,5
ID5206,6
ID5207,7
ID5208,8
ID5209,1
ID5210,2
ID5211,1
ID5212,2
ID5213,1
ID5214,1
ID5215,2
ID5216,1
ID5217,2
ID5218,3
ID5219,1
ID5220,1
ID5221,2
ID5222,3
ID5223,4
ID5224,5
ID5225,6
ID5226,7
ID5227,8
ID5228,9
ID5229,10
ID5230,11
ID5231,12
ID5232,13
ID5233,14
ID5234,15
ID5235,16
ID5236,17
ID5237,18
ID5238,19
ID5239,20
ID5240,21
ID5241,22
ID5242,23
ID5243,24
ID5244,25
ID5245,26
ID5246,27
ID5247,1
ID5248,2
ID5249,3
ID5250,4
ID5251,5
ID5252,6
ID5253,7
ID5254,8
ID5255,9
ID5256,10
ID5257,11
ID5258,12
ID5259,13
ID5260,14
ID5261,15
ID5262,16
ID5263,17
ID5264,18
ID5265,19
ID5266,20
ID5267,21
ID5268,22
ID5269,23
ID5270,24
ID5271,25
ID5272,26
ID5273,27
ID5274,28
ID5275,29
ID5276,30
ID5277,31
ID5278,32
ID5279,33
ID5280,1
ID5281,2
ID5282,3
ID5283,4
ID5284,5
ID5285,6
ID5286,7
ID5287,8
ID5288,9
ID5289,10
ID5290,11
ID5291,1
ID5292,2
ID5293,1
ID5294,2
ID5295,3
ID5296,1
ID5297,2
ID5298,1
ID5299,2
ID5300,3
ID5301,4
ID5302,5
ID5303,6
ID5304,7
ID5305,8
ID5306,9
ID5307,10
ID5308,11
ID5309,12
ID5310,13
ID5311,14
ID5312,15
ID5313,16
ID5314,17
ID5315,18
ID5316,1
ID5317,2
ID5318,1
ID5319,1
ID5320,2
ID5321,3
ID5322,1
ID5323,1
ID5324,1
ID5325,2
ID5326,3
ID5327,1
ID5328,1
ID5329,1
ID5330,2
ID5331,1
ID5332,1
ID5333,1
ID5334,2
ID5335,3
ID5336,1
ID5337,1
ID5338,2
ID5339,3
ID5340,4
ID5341,5
ID5342,1
ID5343,1
ID5344,1
ID5345,2
ID5346,3
ID5347,4
ID5348,1
ID5349,2
ID5350,3
ID5351,4
ID5352,5
ID5353,6
ID5354,1
ID5355,1
ID5356,2
ID5357,1
ID5358,1
ID5359,2
ID5360,3
ID5361,4
ID5362,5
ID5363,6
ID5364,1
ID5365,1
ID5366,2
ID5367,1
ID5368,2
ID5369,3
ID5370,4
ID5371,5
ID5372,1
ID5373,1
ID5374,2
ID5375,3
ID5376,1
ID5377,1
ID5378,2
ID5379,1
ID5380,2
ID5381,1
ID5382,2
ID5383,1
ID5384,1
ID5385,2
ID5386,3
ID5387,4
ID5388,5
ID5389,6
ID5390,7
ID5391,8
ID5392,9
ID5393,10
ID5394,1
ID5395,2
ID5396,1
ID5397,2
ID5398,3
ID5399,4
ID5400,5
ID5401,6
ID5402,7
ID5403,1
ID5404,2
ID5405,1
ID5406,1
ID5407,1
ID5408,2
ID5409,1
ID5410,2
ID5411,3
ID5412,4
ID5413,1
ID5414,2
ID5415,3
ID5416,4
ID5417,5
ID5418,1
ID5419,1
ID5420,2
ID5421,1
ID5422,1
ID5423,2
ID5424,3
ID5425,1
ID5426,2
ID5427,3
ID5428,4
ID5429,5
ID5430,6
ID5431,7
ID5432,8
ID5433,1
ID5434,1
ID5435,2
ID5436,1
ID5437,1
ID5438,1
ID5439,2
ID5440,3
ID5441,4
ID5442,5
ID5443,6
ID5444,7
ID5445,8
ID5446,9
ID5447,10
ID5448,11
ID5449,12
ID5450,1
ID5451,1
ID5452,2
ID5453,3
ID5454,4
ID5455,5
ID5456,6
ID5457,1
ID5458,1
ID5459,2
ID5460,3
ID5461,4
ID5462,5
ID5463,1
ID5464,1
ID5465,2
ID5466,3
ID5467,4
ID5468,5
ID5469,6
ID5470,7
ID5471,8
ID5472,1
ID5473,2
ID5474,3
ID5475,1
ID5476,1
ID5477,2
ID5478,3
ID5479,4
ID5480,5
ID5481,1
ID5482,2
ID5483,3
ID5484,4
ID5485,5
ID5486,6
ID5487,7
ID5488,8
ID5489,9
ID5490,10
ID5491,11
ID5492,12
ID5493,13
ID5494,14
ID5495,15
ID5496,16
ID5497,1
ID5498,2
ID5499,3
ID5500,4
ID5501,5
ID5502,6
ID5503,7
ID5504,8
ID5505,9
ID5506,10
ID5507,11
ID5508,12
ID5509,13
ID5510,14
ID5511,15
ID5512,16
ID5513,17
ID5514,18
ID5515,19
ID5516,20
ID5517,21
ID5518,22
ID5519,23
ID5520,1
ID5521,2
ID5522,3
ID5523,4
ID5524,5
ID5525,6
ID5526,1
ID5527,2
ID5528,3
ID5529,4
ID5530,5
ID5531,1
ID5532,1
ID5533,2
ID5534,3
ID5535,4
ID5536,5
ID5537,6
ID5538,7
ID5539,8
ID5540,9
ID5541,10
ID5542,11
ID5543,12
ID5544,13
ID5545,1
ID5546,2
ID5547,3
ID5548,4
ID5549,1
ID5550,1
ID5551,2
ID5552,1
ID5553,1
ID5554,1
ID5555,2
ID5556,1
ID5557,2
ID5558,3
ID5559,4
ID5560,5
ID5561,6
ID5562,7
ID5563,8
ID5564,9
ID5565,1
ID5566,2
ID5567,3
ID5568,4
ID5569,5
ID5570,6
ID5571,1
ID5572,1
ID5573,2
ID5574,3
ID5575,4
ID5576,5
ID5577,6
ID5578,7
ID5579,8
ID5580,1
ID5581,2
ID5582,1
ID5583,2
ID5584,3
ID5585,4
ID5586,5
ID5587,6
ID5588,7
ID5589,8
ID5590,9
ID5591,10
ID5592,11
ID5593,12
ID5594,13
ID5595,14
ID5596,1
ID5597,2
ID5598,3
ID5599,4
ID5600,5
ID5601,6
ID5602,1
ID5603,2
ID5604,3
ID5605,4
ID5606,5
ID5607,6
ID5608,7
ID5609,8
ID5610,9
ID5611,10
ID5612,11
ID5613,12
ID5614,13
ID5615,14
ID5616,15
ID5617,16
ID5618,1
ID5619,1
ID5620,2
ID5621,3
ID5622,4
ID5623,5
ID5624,1
ID5625,2
ID5626,3
ID5627,1
ID5628,1
ID5629,1
ID5630,2
ID5631,3
ID5632,4
ID5633,5
ID5634,6
ID5635,7
ID5636,8
ID5637,1
ID5638,2
ID5639,3
ID5640,4
ID5641,5
ID5642,6
ID5643,7
ID5644,8
ID5645,9
ID5646,10
ID5647,11
ID5648,1
ID5649,1
ID5650,2
ID5651,3
ID5652,1
ID5653,2
ID5654,3
ID5655,4
ID5656,5
ID5657,6
ID5658,7
ID5659,8
ID5660,9
ID5661,1
ID5662,2
ID5663,3
ID5664,4
ID5665,5
ID5666,6
ID5667,7
ID5668,8
ID5669,9
ID5670,10
ID5671,1
ID5672,1
ID5673,2
ID5674,3
ID5675,1
ID5676,2
ID5677,3
ID5678,4
ID5679,5
ID5680,6
ID5681,7
ID5682,8
ID5683,9
ID5684,10
ID5685,11
ID5686,12
ID5687,13
ID5688,14
ID5689,1
ID5690,2
ID5691,3
ID5692,1
ID5693,2
ID5694,1
ID5695,1
ID5696,1
ID5697,2
ID5698,1
ID5699,1
ID5700,2
ID5701,1
ID5702,1
ID5703,2
ID5704,3
ID5705,4
ID5706,5
ID5707,6
ID5708,7
ID5709,1
ID5710,1
ID5711,1
ID5712,1
ID5713,1
ID5714,2
ID5715,3
ID5716,4
ID5717,5
ID5718,6
ID5719,1
ID5720,2
ID5721,1
ID5722,1
ID5723,2
ID5724,3
ID5725,4
ID5726,5
ID5727,6
ID5728,7
ID5729,8
ID5730,1
ID5731,2
ID5732,1
ID5733,2
ID5734,3
ID5735,4
ID5736,5
ID5737,6
ID5738,7
ID5739,8
ID5740,9
ID5741,10
ID5742,11
ID5743,12
ID5744,13
ID5745,14
ID5746,15
ID5747,1
ID5748,2
ID5749,3
ID5750,4
ID5751,5
ID5752,6
ID5753,1
ID5754,2
ID5755,3
ID5756,4
ID5757,5
ID5758,6
ID5759,7
ID5760,1
ID5761,2
ID5762,3
ID5763,4
ID5764,5
ID5765,6
ID5766,7
ID5767,1
ID5768,1
ID5769,1
ID5770,2
ID5771,1
ID5772,1
ID5773,2
ID5774,3
ID5775,4
ID5776,5
ID5777,6
ID5778,7
ID5779,8
ID5780,9
ID5781,10
ID5782,11
ID5783,12
ID5784,13
ID5785,14
ID5786,1
ID5787,1
ID5788,2
ID5789,3
ID5790,4
ID5791,5
ID5792,6
ID5793,1
ID5794,1
ID5795,2
ID5796,1
ID5797,2
ID5798,1
ID5799,1
ID5800,1
ID5801,1
ID5802,1
ID5803,1
ID5804,1
ID5805,1
ID5806,2
ID5807,3
ID5808,4
ID5809,1
ID5810,2
ID5811,3
ID5812,4
ID5813,5
ID5814,6
ID5815,1
ID5816,1
ID5817,1
ID5818,2
ID5819,3
ID5820,4
ID5821,5
ID5822,6
ID5823,1
ID5824,2
ID5825,3
ID5826,4
ID5827,5
ID5828,1
ID5829,2
ID5830,3
ID5831,1
ID5832,2
ID5833,3
ID5834,4
ID5835,5
ID5836,6
ID5837,1
ID5838,2
ID5839,3
ID5840,4
ID5841,5
ID5842,1
ID5843,1
ID5844,2
ID5845,3
ID5846,4
ID5847,5
ID5848,1
ID5849,2
ID5850,3
ID5851,1
ID5852,1
ID5853,1
ID5854,1
ID5855,2
ID5856,3
ID5857,4
ID5858,5
ID5859,6
ID5860,7
ID5861,8
ID5862,9
ID5863,10
ID5864,11
ID5865,12
ID5866,13
ID5867,14
ID5868,15
ID5869,16
ID5870,17
ID5871,18
ID5872,19
ID5873,20
ID5874,21
ID5875,22
ID5876,23
ID5877,24
ID5878,25
ID5879,26
ID5880,27
ID5881,1
ID5882,1
ID5883,2
ID5884,3
ID5885,4
ID5886,5
ID5887,6
ID5888,7
ID5889,8
ID5890,9
ID5891,10
ID5892,11
ID5893,12
ID5894,13
ID5895,14
ID5896,15
ID5897,1
ID5898,1
ID5899,2
ID5900,1
ID5901,2
ID5902,3
ID5903,4
ID5904,5
ID5905,6
ID5906,1
ID5907,2
ID5908,1
ID5909,2
ID5910,3
ID5911,4
ID5912,5
ID5913,6
ID5914,7
ID5915,8
ID5916,9
ID5917,10
ID5918,11
ID5919,12
ID5920,13
ID5921,14
ID5922,15
ID5923,16
ID5924,17
ID5925,18
ID5926,19
ID5927,20
ID5928,21
ID5929,1
ID5930,2
ID5931,1
ID5932,1
ID5933,2
ID5934,1
ID5935,1
ID5936,2
ID5937,3
ID5938,4
ID5939,1
ID5940,2
ID5941,3
ID5942,4
ID5943,5
ID5944,6
ID5945,1
ID5946,1
ID5947,2
ID5948,3
ID5949,4
ID5950,5
ID5951,1
ID5952,1
ID5953,2
ID5954,1
ID5955,2
ID5956,3
ID5957,4
ID5958,5
ID5959,6
ID5960,7
ID5961,8
ID5962,9
ID5963,10
ID5964,11
ID5965,12
ID5966,1
ID5967,2
ID5968,3
ID5969,4
ID5970,5
ID5971,6
ID5972,7
ID5973,8
ID5974,9
ID5975,10
ID5976,11
ID5977,12
ID5978,13
ID5979,14
ID5980,15
ID5981,1
ID5982,1
ID5983,2
ID5984,3
ID5985,4
ID5986,5
ID5987,6
ID5988,7
ID5989,8
ID5990,9
ID5991,10
ID5992,11
ID5993,12
ID5994,13
ID5995,14
ID5996,15
ID5997,16
ID5998,17
ID5999,18
ID6000,19
ID6001,20
ID6002,21
ID6003,22
ID6004,23
ID6005,24
ID6006,25
ID6007,26
ID6008,27
ID6009,28
ID6010,29
ID6011,1
ID6012,1
ID6013,2
ID6014,3
ID6015,4
ID6016,5
ID6017,1
ID6018,1
ID6019,1
ID6020,1
ID6021,2
ID6022,3
ID6023,4
ID6024,5
ID6025,6
ID6026,7
ID6027,8
ID6028,9
ID6029,10
ID6030,11
ID6031,12
ID6032,1
ID6033,2
ID6034,3
ID6035,4
ID6036,5
ID6037,6
ID6038,7
ID6039,8
ID6040,9
ID6041,10
ID6042,11
ID6043,1
ID6044,2
ID6045,3
ID6046,4
ID6047,5
ID6048,6
ID6049,7
ID6050,8
ID6051,9
ID6052,10
ID6053,1
ID6054,2
ID6055,3
ID6056,4
ID6057,5
ID6058,6
ID6059,7
ID6060,8
ID6061,9
ID6062,10
ID6063,11
ID6064,12
ID6065,13
ID6066,14
ID6067,15
ID6068,16
ID6069,17
ID6070,18
ID6071,19
ID6072,20
ID6073,21
ID6074,22
ID6075,23
ID6076,24
ID6077,1
ID6078,2
ID6079,3
ID6080,1
ID6081,2
ID6082,3
ID6083,4
ID6084,5
ID6085,1
ID6086,2
ID6087,3
ID6088,4
ID6089,5
ID6090,6
ID6091,7
ID6092,8
ID6093,9
ID6094,10
ID6095,11
ID6096,12
ID6097,13
ID6098,14
ID6099,15
ID6100,16
ID6101,17
ID6102,1
ID6103,1
ID6104,2
ID6105,3
ID6106,4
ID6107,5
ID6108,6
ID6109,7
ID6110,8
ID6111,9
ID6112,1
ID6113,1
ID6114,2
ID6115,1
ID6116,2
ID6117,3
ID6118,4
ID6119,5
ID6120,6
ID6121,7
ID6122,8
ID6123,9
ID6124,10
ID6125,11
ID6126,12
ID6127,1
ID6128,2
ID6129,3
ID6130,4
ID6131,5
ID6132,6
ID6133,7
ID6134,8
ID6135,9
ID6136,10
ID6137,11
ID6138,12
ID6139,13
ID6140,14
ID6141,15
ID6142,16
ID6143,1
ID6144,2
ID6145,3
ID6146,4
ID6147,5
ID6148,6
ID6149,7
ID6150,8
ID6151,9
ID6152,10
ID6153,11
ID6154,12
ID6155,13
ID6156,14
ID6157,15
ID6158,16
ID6159,1
ID6160,2
ID6161,3
ID6162,4
ID6163,5
ID6164,6
ID6165,1
ID6166,1
ID6167,2
ID6168,3
ID6169,4
ID6170,5
ID6171,6
ID6172,7
ID6173,8
ID6174,9
ID6175,10
ID6176,11
ID6177,12
ID6178,13
ID6179,14
ID6180,15
ID6181,1
ID6182,2
ID6183,3
ID6184,1
ID6185,2
ID6186,3
ID6187,1
ID6188,1
ID6189,2
ID6190,3
ID6191,4
ID6192,5
ID6193,6
ID6194,7
ID6195,8
ID6196,1
ID6197,1
ID6198,2
ID6199,3
ID6200,4
ID6201,5
ID6202,6
ID6203,7
ID6204,1
ID6205,1
ID6206,2
ID6207,3
ID6208,4
ID6209,5
ID6210,6
ID6211,1
ID6212,2
ID6213,3
ID6214,4
ID6215,5
ID6216,6
ID6217,7
ID6218,8
ID6219,9
ID6220,10
ID6221,1
ID6222,1
ID6223,2
ID6224,3
ID6225,4
ID6226,5
ID6227,6
ID6228,7
ID6229,8
ID6230,9
ID6231,1
ID6232,2
ID6233,3
ID6234,1
ID6235,2
ID6236,3
ID6237,4
ID6238,1
ID6239,2
ID6240,1
ID6241,2
ID6242,3
ID6243,4
ID6244,5
ID6245,6
ID6246,7
ID6247,8
ID6248,9
ID6249,10
ID6250,11
ID6251,12
ID6252,13
ID6253,14
ID6254,15
ID6255,1
ID6256,2
ID6257,3
ID6258,4
ID6259,5
ID6260,6
ID6261,7
ID6262,1
ID6263,2
ID6264,1
ID6265,2
ID6266,3
ID6267,4
ID6268,5
ID6269,6
ID6270,7
ID6271,8
ID6272,1
ID6273,2
ID6274,3
ID6275,4
ID6276,5
ID6277,6
ID6278,7
ID6279,8
ID6280,9
ID6281,10
ID6282,11
ID6283,12
ID6284,13
ID6285,1
ID6286,1
ID6287,2
ID6288,3
ID6289,4
ID6290,5
ID6291,6
ID6292,7
ID6293,8
ID6294,9
ID6295,10
ID6296,11
ID6297,12
ID6298,13
ID6299,14
ID6300,1
ID6301,2
ID6302,3
ID6303,4
ID6304,5
ID6305,6
ID6306,7
ID6307,8
ID6308,9
ID6309,10
ID6310,11
ID6311,12
ID6312,13
ID6313,14
ID6314,15
ID6315,16
ID6316,17
ID6317,18
ID6318,19
ID6319,20
ID6320,21
ID6321,22
ID6322,23
ID6323,1
ID6324,2
ID6325,1
ID6326,2
ID6327,3
ID6328,1
ID6329,2
ID6330,3
ID6331,4
ID6332,5
ID6333,6
ID6334,7
ID6335,8
ID6336,9
ID6337,10
ID6338,11
ID6339,1
ID6340,2
ID6341,3
ID6342,4
ID6343,5
ID6344,6
ID6345,7
ID6346,8
ID6347,9
ID6348,1
ID6349,2
ID6350,3
ID6351,4
ID6352,5
ID6353,6
ID6354,7
ID6355,8
ID6356,1
ID6357,2
ID6358,1
ID6359,2
ID6360,3
ID6361,1
ID6362,2
ID6363,3
ID6364,4
ID6365,5
ID6366,6
ID6367,7
ID6368,8
ID6369,9
ID6370,10
ID6371,11
ID6372,1
ID6373,2
ID6374,3
ID6375,4
ID6376,5
ID6377,6
ID6378,7
ID6379,8
ID6380,1
ID6381,2
ID6382,3
ID6383,4
ID6384,5
ID6385,6
ID6386,7
ID6387,8
ID6388,9
ID6389,10
ID6390,11
ID6391,12
ID6392,13
ID6393,14
ID6394,15
ID6395,16
ID6396,17
ID6397,18
ID6398,19
ID6399,20
ID6400,21
ID6401,22
ID6402,23
ID6403,24
ID6404,25
ID6405,26
ID6406,27
ID6407,28
ID6408,29
ID6409,30
ID6410,31
ID6411,32
ID6412,33
ID6413,34
ID6414,1
ID6415,2
ID6416,3
ID6417,4
ID6418,5
ID6419,6
ID6420,7
ID6421,8
ID6422,9
ID6423,10
ID6424,11
ID6425,12
ID6426,1
ID6427,1
ID6428,1
ID6429,2
ID6430,3
ID6431,4
ID6432,5
ID6433,6
ID6434,7
ID6435,8
ID6436,9
ID6437,1
ID6438,2
ID6439,3
ID6440,1
ID6441,2
ID6442,3
ID6443,4
ID6444,5
ID6445,6
ID6446,7
ID6447,8
ID6448,9
ID6449,10
ID6450,11
ID6451,12
ID6452,13
ID6453,14
ID6454,15
ID6455,16
ID6456,17
ID6457,18
ID6458,19
ID6459,1
ID6460,2
ID6461,3
ID6462,4
ID6463,5
ID6464,6
ID6465,7
ID6466,8
ID6467,9
ID6468,10
ID6469,11
ID6470,12
ID6471,1
ID6472,2
ID6473,3
ID6474,4
ID6475,5
ID6476,1
ID6477,2
ID6478,3
ID6479,4
ID6480,5
ID6481,6
ID6482,7
ID6483,8
ID6484,9
ID6485,10
ID6486,11
ID6487,12
ID6488,1
ID6489,2
ID6490,3
ID6491,4
ID6492,5
ID6493,6
ID6494,1
ID6495,1
ID6496,2
ID6497,3
ID6498,4
ID6499,5
ID6500,6
ID6501,7
ID6502,8
ID6503,9
ID6504,10
ID6505,11
ID6506,12
ID6507,13
ID6508,14
ID6509,15
ID6510,16
ID6511,17
ID6512,18
ID6513,19
ID6514,20
ID6515,21
ID6516,22
ID6517,23
ID6518,24
ID6519,1
ID6520,2
ID6521,3
ID6522,4
ID6523,5
ID6524,6
ID6525,7
ID6526,8
ID6527,9
ID6528,10
ID6529,11
ID6530,12
ID6531,13
ID6532,14
ID6533,15
ID6534,16
ID6535,17
ID6536,18
ID6537,19
ID6538,20
ID6539,21
ID6540,22
ID6541,23
ID6542,24
ID6543,25
ID6544,26
ID6545,27
ID6546,28
ID6547,29
ID6548,30
ID6549,31
ID6550,32
ID6551,33
ID6552,34
ID6553,35
ID6554,36
ID6555,37
ID6556,38
ID6557,39
ID6558,40
ID6559,41
ID6560,42
ID6561,43
ID6562,44
ID6563,45
ID6564,46
ID6565,47
ID6566,48
ID6567,49
ID6568,50
ID6569,51
ID6570,52
ID6571,53
ID6572,54
ID6573,55
ID6574,56
ID6575,57
ID6576,58
ID6577,59
ID6578,60
ID6579,61
ID6580,62
ID6581,63
ID6582,64
ID6583,65
ID6584,66
ID6585,67
ID6586,68
ID6587,69
ID6588,70
ID6589,71
ID6590,72
ID6591,73
ID6592,74
ID6593,75
ID6594,76
ID6595,77
ID6596,78
ID6597,79
ID6598,80
ID6599,81
ID6600,82
ID6601,83
ID6602,84
ID6603,85
ID6604,86
ID6605,87
ID6606,88
ID6607,89
ID6608,90
ID6609,91
ID6610,92
ID6611,93
ID6612,94
ID6613,95
ID6614,96
ID6615,97
ID6616,98
ID6617,99
ID6618,1
ID6619,1
ID6620,2
ID6621,3
ID6622,4
ID6623,5
ID6624,6
ID6625,7
ID6626,8
ID6627,9
ID6628,10
ID6629,11
ID6630,12
ID6631,13
ID6632,1
ID6633,2
ID6634,3
ID6635,1
ID6636,2
ID6637,1
ID6638,2
ID6639,3
ID6640,4
ID6641,5
ID6642,6
ID6643,7
ID6644,8
ID6645,9
ID6646,10
ID6647,1
ID6648,2
ID6649,3
ID6650,4
ID6651,1
ID6652,1
ID6653,2
ID6654,3
ID6655,4
ID6656,5
ID6657,1
ID6658,2
ID6659,3
ID6660,4
ID6661,5
ID6662,1
ID6663,2
ID6664,3
ID6665,4
ID6666,5
ID6667,6
ID6668,7
ID6669,8
ID6670,9
ID6671,10
ID6672,11
ID6673,12
ID6674,13
ID6675,14
ID6676,15
ID6677,1
ID6678,2
ID6679,3
ID6680,4
ID6681,5
ID6682,6
ID6683,7
ID6684,1
ID6685,2
ID6686,3
ID6687,4
ID6688,5
ID6689,6
ID6690,7
ID6691,8
ID6692,9
ID6693,10
ID6694,11
ID6695,12
ID6696,13
ID6697,1
ID6698,2
ID6699,3
ID6700,4
ID6701,5
ID6702,6
ID6703,7
ID6704,8
ID6705,9
ID6706,10
ID6707,11
ID6708,12
ID6709,13
ID6710,14
ID6711,15
ID6712,16
ID6713,17
ID6714,18
ID6715,19
ID6716,20
ID6717,21
ID6718,22
ID6719,23
ID6720,24
ID6721,25
ID6722,26
ID6723,27
ID6724,1
ID6725,2
ID6726,3
ID6727,4
ID6728,5
ID6729,6
ID6730,7
ID6731,8
ID6732,9
ID6733,10
ID6734,11
ID6735,12
ID6736,13
ID6737,14
ID6738,15
ID6739,1
ID6740,2
ID6741,3
ID6742,4
ID6743,5
ID6744,6
ID6745,7
ID6746,8
ID6747,9
ID6748,10
ID6749,11
ID6750,12
ID6751,13
ID6752,14
ID6753,15
ID6754,16
ID6755,17
ID6756,1
ID6757,2
ID6758,3
ID6759,1
ID6760,2
ID6761,3
ID6762,4
ID6763,5
ID6764,6
ID6765,7
ID6766,8
ID6767,9
ID6768,10
ID6769,11
ID6770,12
ID6771,13
ID6772,1
ID6773,2
ID6774,3
ID6775,4
ID6776,5
ID6777,6
ID6778,7
ID6779,8
ID6780,9
ID6781,10
ID6782,11
ID6783,12
ID6784,13
ID6785,14
ID6786,15
ID6787,16
ID6788,1
ID6789,2
ID6790,3
ID6791,4
ID6792,5
ID6793,6
ID6794,7
ID6795,8
ID6796,9
ID6797,10
ID6798,11
ID6799,12
ID6800,13
ID6801,14
ID6802,15
ID6803,16
ID6804,17
ID6805,1
ID6806,2
ID6807,3
ID6808,4
ID6809,5
ID6810,1
ID6811,2
ID6812,3
ID6813,4
ID6814,5
ID6815,6
ID6816,1
ID6817,2
ID6818,1
ID6819,2
ID6820,3
ID6821,4
ID6822,5
ID6823,6
ID6824,7
ID6825,8
ID6826,1
ID6827,1
ID6828,1
ID6829,1
ID6830,2
ID6831,3
ID6832,4
ID6833,1
ID6834,2
ID6835,3
ID6836,4
ID6837,5
ID6838,6
ID6839,7
ID6840,8
ID6841,9
ID6842,10
ID6843,11
ID6844,12
ID6845,13
ID6846,1
ID6847,1
ID6848,1
ID6849,1
ID6850,1
ID6851,1
ID6852,1
ID6853,1
ID6854,2
ID6855,1
ID6856,2
ID6857,1
ID6858,2
ID6859,3
ID6860,4
ID6861,5
ID6862,6
ID6863,1
ID6864,1
ID6865,1
ID6866,2
ID6867,1
ID6868,1
ID6869,2
ID6870,3
ID6871,4
ID6872,5
ID6873,6
ID6874,7
ID6875,8
ID6876,9
ID6877,1
ID6878,1
ID6879,1
ID6880,1
ID6881,1
ID6882,2
ID6883,3
ID6884,4
ID6885,5
ID6886,6
ID6887,7
ID6888,8
ID6889,9
ID6890,10
ID6891,1
ID6892,2
ID6893,3
ID6894,4
ID6895,5
ID6896,6
ID6897,7
ID6898,1
ID6899,1
ID6900,2
ID6901,3
ID6902,4
ID6903,1
ID6904,1
ID6905,2
ID6906,3
ID6907,4
ID6908,1
ID6909,2
ID6910,3
ID6911,4
ID6912,5
ID6913,6
ID6914,7
ID6915,8
ID6916,9
ID6917,10
ID6918,11
ID6919,12
ID6920,13
ID6921,14
ID6922,15
ID6923,16
ID6924,17
ID6925,18
ID6926,19
ID6927,20
ID6928,21
ID6929,1
ID6930,2
ID6931,3
ID6932,1
ID6933,1
ID6934,1
ID6935,1
ID6936,2
ID6937,3
ID6938,4
ID6939,1
ID6940,2
ID6941,3
ID6942,4
ID6943,5
ID6944,6
ID6945,7
ID6946,1
ID6947,2
ID6948,3
ID6949,4
ID6950,5
ID6951,6
ID6952,7
ID6953,8
ID6954,9
ID6955,10
ID6956,11
ID6957,12
ID6958,13
ID6959,14
ID6960,15
ID6961,16
ID6962,17
ID6963,18
ID6964,19
ID6965,20
ID6966,21
ID6967,22
ID6968,23
ID6969,24
ID6970,1
ID6971,2
ID6972,3
ID6973,4
ID6974,5
ID6975,6
ID6976,7
ID6977,8
ID6978,9
ID6979,10
ID6980,11
ID6981,12
ID6982,13
ID6983,14
ID6984,15
ID6985,16
ID6986,17
ID6987,18
ID6988,1
ID6989,2
ID6990,3
ID6991,4
ID6992,5
ID6993,6
ID6994,7
ID6995,8
ID6996,1
ID6997,1
ID6998,2
ID6999,3
ID7000,4
ID7001,5
ID7002,6
ID7003,7
ID7004,8
ID7005,9
ID7006,10
ID7007,11
ID7008,12
ID7009,13
ID7010,14
ID7011,15
ID7012,16
ID7013,1
ID7014,2
ID7015,3
ID7016,4
ID7017,5
ID7018,6
ID7019,7
ID7020,8
ID7021,9
ID7022,10
ID7023,11
ID7024,12
ID7025,13
ID7026,14
ID7027,1
ID7028,2
ID7029,3
ID7030,4
ID7031,5
ID7032,6
ID7033,7
ID7034,8
ID7035,9
ID7036,10
ID7037,11
ID7038,12
ID7039,13
ID7040,14
ID7041,15
ID7042,16
ID7043,1
ID7044,1
ID7045,1
ID7046,1
ID7047,2
ID7048,1
ID7049,2
ID7050,3
ID7051,4
ID7052,5
ID7053,6
ID7054,1
ID7055,1
ID7056,2
ID7057,3
ID7058,4
ID7059,5
ID7060,6
ID7061,7
ID7062,8
ID7063,9
ID7064,10
ID7065,11
ID7066,12
ID7067,13
ID7068,14
ID7069,15
ID7070,16
ID7071,17
ID7072,18
ID7073,19
ID7074,20
ID7075,1
ID7076,2
ID7077,3
ID7078,4
ID7079,1
ID7080,2
ID7081,3
ID7082,4
ID7083,5
ID7084,6
ID7085,1
ID7086,1
ID7087,2
ID7088,3
ID7089,4
ID7090,1
ID7091,1
ID7092,2
ID7093,3
ID7094,4
ID7095,5
ID7096,6
ID7097,7
ID7098,8
ID7099,9
ID7100,10
ID7101,11
ID7102,12
ID7103,13
ID7104,14
ID7105,15
ID7106,16
ID7107,17
ID7108,18
ID7109,19
ID7110,20
ID7111,21
ID7112,22
ID7113,23
ID7114,24
ID7115,25
ID7116,26
ID7117,27
ID7118,28
ID7119,29
ID7120,30
ID7121,31
ID7122,32
ID7123,33
ID7124,34
ID7125,35
ID7126,36
ID7127,37
ID7128,38
ID7129,39
ID7130,1
ID7131,2
ID7132,3
ID7133,4
ID7134,5
ID7135,6
ID7136,7
ID7137,1
ID7138,2
ID7139,3
ID7140,4
ID7141,5
ID7142,6
ID7143,7
ID7144,8
ID7145,9
ID7146,10
ID7147,11
ID7148,12
ID7149,13
ID7150,14
ID7151,15
ID7152,16
ID7153,17
ID7154,18
ID7155,19
ID7156,20
ID7157,21
ID7158,22
ID7159,23
ID7160,24
ID7161,25
ID7162,26
ID7163,27
ID7164,28
ID7165,29
ID7166,30
ID7167,31
ID7168,32
ID7169,33
ID7170,34
ID7171,35
ID7172,36
ID7173,37
ID7174,38
ID7175,39
ID7176,40
ID7177,41
ID7178,1
ID7179,2
ID7180,1
ID7181,2
ID7182,3
ID7183,4
ID7184,1
ID7185,2
ID7186,3
ID7187,4
ID7188,5
ID7189,6
ID7190,1
ID7191,2
ID7192,1
ID7193,2
ID7194,1
ID7195,2
ID7196,3
ID7197,4
ID7198,5
ID7199,1
ID7200,1
ID7201,2
ID7202,3
ID7203,1
ID7204,2
ID7205,3
ID7206,4
ID7207,5
ID7208,6
ID7209,7
ID7210,8
ID7211,9
ID7212,10
ID7213,11
ID7214,12
ID7215,13
ID7216,14
ID7217,15
ID7218,16
ID7219,17
ID7220,18
ID7221,19
ID7222,20
ID7223,21
ID7224,22
ID7225,23
ID7226,1
ID7227,2
ID7228,3
ID7229,4
ID7230,1
ID7231,2
ID7232,3
ID7233,4
ID7234,5
ID7235,6
ID7236,7
ID7237,8
ID7238,9
ID7239,10
ID7240,11
ID7241,12
ID7242,13
ID7243,14
ID7244,15
ID7245,16
ID7246,17
ID7247,18
ID7248,19
ID7249,20
ID7250,21
ID7251,22
ID7252,1
ID7253,2
ID7254,3
ID7255,4
ID7256,5
ID7257,6
ID7258,7
ID7259,8
ID7260,9
ID7261,10
ID7262,11
ID7263,12
ID7264,13
ID7265,1
ID7266,1
ID7267,1
ID7268,2
ID7269,3
ID7270,4
ID7271,5
ID7272,6
ID7273,7
ID7274,8
ID7275,9
ID7276,1
ID7277,2
ID7278,3
ID7279,4
ID7280,5
ID7281,6
ID7282,7
ID7283,8
ID7284,9
ID7285,10
ID7286,11
ID7287,12
ID7288,13
ID7289,14
ID7290,15
ID7291,16
ID7292,17
ID7293,18
ID7294,19
ID7295,20
ID7296,1
ID7297,2
ID7298,1
ID7299,2
ID7300,3
ID7301,4
ID7302,5
ID7303,6
ID7304,7
ID7305,8
ID7306,9
ID7307,10
ID7308,11
ID7309,12
ID7310,13
ID7311,14
ID7312,15
ID7313,16
ID7314,17
ID7315,18
ID7316,19
ID7317,1
ID7318,2
ID7319,3
ID7320,4
ID7321,5
ID7322,6
ID7323,1
ID7324,1
ID7325,2
ID7326,3
ID7327,4
ID7328,5
ID7329,6
ID7330,7
ID7331,8
ID7332,9
ID7333,10
ID7334,11
ID7335,12
ID7336,13
ID7337,14
ID7338,15
ID7339,1
ID7340,1
ID7341,2
ID7342,3
ID7343,1
ID7344,2
ID7345,3
ID7346,4
ID7347,5
ID7348,6
ID7349,7
ID7350,8
ID7351,9
ID7352,10
ID7353,1
ID7354,2
ID7355,3
ID7356,4
ID7357,1
ID7358,2
ID7359,3
ID7360,4
ID7361,1
ID7362,2
ID7363,3
ID7364,4
ID7365,5
ID7366,1
ID7367,2
ID7368,3
ID7369,4
ID7370,5
ID7371,6
ID7372,1
ID7373,1
ID7374,1
ID7375,2
ID7376,3
ID7377,4
ID7378,5
ID7379,6
ID7380,7
ID7381,8
ID7382,9
ID7383,10
ID7384,11
ID7385,12
ID7386,13
ID7387,14
ID7388,15
ID7389,16
ID7390,17
ID7391,18
ID7392,19
ID7393,20
ID7394,21
ID7395,22
ID7396,23
ID7397,1
ID7398,2
ID7399,3
ID7400,4
ID7401,5
ID7402,6
ID7403,7
ID7404,1
ID7405,2
ID7406,3
ID7407,4
ID7408,5
ID7409,6
ID7410,7
ID7411,8
ID7412,9
ID7413,10
ID7414,11
ID7415,12
ID7416,13
ID7417,14
ID7418,15
ID7419,16
ID7420,1
ID7421,1
ID7422,2
ID7423,3
ID7424,4
ID7425,1
ID7426,2
ID7427,3
ID7428,1
ID7429,2
ID7430,1
ID7431,1
ID7432,2
ID7433,3
ID7434,4
ID7435,5
ID7436,6
ID7437,7
ID7438,8
ID7439,9
ID7440,10
ID7441,11
ID7442,1
ID7443,2
ID7444,3
ID7445,4
ID7446,5
ID7447,6
ID7448,7
ID7449,8
ID7450,9
ID7451,10
ID7452,11
ID7453,12
ID7454,13
ID7455,14
ID7456,15
ID7457,16
ID7458,17
ID7459,18
ID7460,19
ID7461,20
ID7462,21
ID7463,22
ID7464,23
ID7465,24
ID7466,25
ID7467,26
ID7468,27
ID7469,28
ID7470,29
ID7471,30
ID7472,31
ID7473,32
ID7474,33
ID7475,34
ID7476,35
ID7477,36
ID7478,37
ID7479,38
ID7480,39
ID7481,40
ID7482,41
ID7483,42
ID7484,43
ID7485,1
ID7486,2
ID7487,3
ID7488,1
ID7489,2
ID7490,1
ID7491,2
ID7492,3
ID7493,4
ID7494,5
ID7495,6
ID7496,7
ID7497,8
ID7498,9
ID7499,10
ID7500,11
ID7501,12
ID7502,13
ID7503,14
ID7504,15
ID7505,16
ID7506,1
ID7507,2
ID7508,3
ID7509,4
ID7510,5
ID7511,6
ID7512,7
ID7513,8
ID7514,9
ID7515,10
ID7516,11
ID7517,12
ID7518,13
ID7519,14
ID7520,15
ID7521,16
ID7522,17
ID7523,18
ID7524,19
ID7525,1
ID7526,2
ID7527,1
ID7528,2
ID7529,3
ID7530,4
ID7531,5
ID7532,6
ID7533,1
ID7534,2
ID7535,3
ID7536,1
ID7537,2
ID7538,3
ID7539,4
ID7540,5
ID7541,6
ID7542,7
ID7543,8
ID7544,9
ID7545,10
ID7546,11
ID7547,12
ID7548,13
ID7549,14
ID7550,15
ID7551,16
ID7552,17
ID7553,18
ID7554,19
ID7555,20
ID7556,21
ID7557,22
ID7558,23
ID7559,24
ID7560,25
ID7561,26
ID7562,27
ID7563,1
ID7564,2
ID7565,3
ID7566,4
ID7567,5
ID7568,6
ID7569,7
ID7570,8
ID7571,9
ID7572,10
ID7573,11
ID7574,12
ID7575,13
ID7576,14
ID7577,15
ID7578,16
ID7579,17
ID7580,18
ID7581,19
ID7582,20
ID7583,21
ID7584,22
ID7585,23
ID7586,24
ID7587,25
ID7588,26
ID7589,27
ID7590,28
ID7591,29
ID7592,30
ID7593,31
ID7594,1
ID7595,2
ID7596,3
ID7597,4
ID7598,5
ID7599,6
ID7600,7
ID7601,8
ID7602,9
ID7603,10
ID7604,11
ID7605,12
ID7606,13
ID7607,14
ID7608,15
ID7609,1
ID7610,2
ID7611,3
ID7612,4
ID7613,1
ID7614,1
ID7615,2
ID7616,3
ID7617,1
ID7618,1
ID7619,1
ID7620,2
ID7621,3
ID7622,1
ID7623,2
ID7624,3
ID7625,1
ID7626,1
ID7627,2
ID7628,3
ID7629,4
ID7630,1
ID7631,1
ID7632,2
ID7633,1
ID7634,1
ID7635,2
ID7636,3
ID7637,4
ID7638,5
ID7639,6
ID7640,7
ID7641,8
ID7642,9
ID7643,10
ID7644,11
ID7645,1
ID7646,2
ID7647,1
ID7648,1
ID7649,2
ID7650,3
ID7651,4
ID7652,5
ID7653,6
ID7654,7
ID7655,8
ID7656,9
ID7657,10
ID7658,11
ID7659,12
ID7660,13
ID7661,14
ID7662,15
ID7663,16
ID7664,17
ID7665,18
ID7666,19
ID7667,20
ID7668,21
ID7669,22
ID7670,23
ID7671,24
ID7672,25
ID7673,26
ID7674,27
ID7675,28
ID7676,29
ID7677,30
ID7678,1
ID7679,2
ID7680,1
ID7681,2
ID7682,3
ID7683,4
ID7684,5
ID7685,6
ID7686,7
ID7687,8
ID7688,9
ID7689,10
ID7690,11
ID7691,12
ID7692,13
ID7693,14
ID7694,15
ID7695,16
ID7696,17
ID7697,18
ID7698,19
ID7699,20
ID7700,21
ID7701,22
ID7702,23
ID7703,24
ID7704,25
ID7705,26
ID7706,27
ID7707,28
ID7708,29
ID7709,30
ID7710,31
ID7711,32
ID7712,33
ID7713,34
ID7714,1
ID7715,2
ID7716,3
ID7717,1
ID7718,1
ID7719,2
ID7720,3
ID7721,4
ID7722,5
ID7723,6
ID7724,7
ID7725,1
ID7726,2
ID7727,3
ID7728,4
ID7729,5
ID7730,6
ID7731,7
ID7732,8
ID7733,9
ID7734,10
ID7735,1
ID7736,2
ID7737,3
ID7738,4
ID7739,5
ID7740,6
ID7741,7
ID7742,8
ID7743,9
ID7744,10
ID7745,11
ID7746,12
ID7747,13
ID7748,14
ID7749,15
ID7750,16
ID7751,17
ID7752,18
ID7753,19
ID7754,20
ID7755,21
ID7756,22
ID7757,23
ID7758,24
ID7759,25
ID7760,1
ID7761,2
ID7762,3
ID7763,4
ID7764,5
ID7765,6
ID7766,7
ID7767,8
ID7768,9
ID7769,10
ID7770,11
ID7771,12
ID7772,13
ID7773,14
ID7774,15
ID7775,16
ID7776,1
ID7777,2
ID7778,3
ID7779,4
ID7780,5
ID7781,6
ID7782,1
ID7783,1
ID7784,2
ID7785,3
ID7786,4
ID7787,5
ID7788,6
ID7789,7
ID7790,8
ID7791,9
ID7792,10
ID7793,11
ID7794,12
ID7795,13
ID7796,14
ID7797,15
ID7798,16
ID7799,17
ID7800,18
ID7801,19
ID7802,20
ID7803,21
ID7804,22
ID7805,23
ID7806,24
ID7807,25
ID7808,26
ID7809,27
ID7810,1
ID7811,2
ID7812,3
ID7813,4
ID7814,5
ID7815,6
ID7816,7
ID7817,8
ID7818,9
ID7819,1
ID7820,1
ID7821,2
ID7822,3
ID7823,1
ID7824,2
ID7825,3
ID7826,1
ID7827,2
ID7828,1
ID7829,2
ID7830,3
ID7831,4
ID7832,5
ID7833,6
ID7834,1
ID7835,2
ID7836,1
ID7837,1
ID7838,2
ID7839,1
ID7840,2
ID7841,3
ID7842,4
ID7843,5
ID7844,6
ID7845,7
ID7846,8
ID7847,1
ID7848,2
ID7849,3
ID7850,1
ID7851,2
ID7852,1
ID7853,1
ID7854,2
ID7855,1
ID7856,2
ID7857,3
ID7858,4
ID7859,5
ID7860,6
ID7861,7
ID7862,8
ID7863,1
ID7864,2
ID7865,3
ID7866,4
ID7867,5
ID7868,1
ID7869,2
ID7870,1
ID7871,2
ID7872,3
ID7873,4
ID7874,5
ID7875,6
ID7876,7
ID7877,8
ID7878,9
ID7879,10
ID7880,11
ID7881,12
ID7882,1
ID7883,1
ID7884,2
ID7885,3
ID7886,4
ID7887,5
ID7888,6
ID7889,7
ID7890,8
ID7891,9
ID7892,10
ID7893,11
ID7894,1
ID7895,2
ID7896,3
ID7897,4
ID7898,5
ID7899,6
ID7900,7
ID7901,8
ID7902,9
ID7903,10
ID7904,11
ID7905,12
ID7906,13
ID7907,14
ID7908,15
ID7909,16
ID7910,17
ID7911,1
ID7912,2
ID7913,3
ID7914,4
ID7915,5
ID7916,6
ID7917,7
ID7918,8
ID7919,9
ID7920,10
ID7921,11
ID7922,12
ID7923,13
ID7924,14
ID7925,15
ID7926,16
ID7927,17
ID7928,18
ID7929,19
ID7930,20
ID7931,21
ID7932,22
ID7933,23
ID7934,24
ID7935,25
ID7936,26
ID7937,27
ID7938,28
ID7939,29
ID7940,30
ID7941,31
ID7942,32
ID7943,1
ID7944,1
ID7945,2
ID7946,3
ID7947,4
ID7948,5
ID7949,6
ID7950,7
ID7951,8
ID7952,1
ID7953,1
ID7954,2
ID7955,3
ID7956,4
ID7957,5
ID7958,6
ID7959,1
ID7960,2
ID7961,3
ID7962,4
ID7963,5
ID7964,6
ID7965,7
ID7966,1
ID7967,1
ID7968,2
ID7969,3
ID7970,4
ID7971,5
ID7972,6
ID7973,7
ID7974,8
ID7975,9
ID7976,10
ID7977,11
ID7978,12
ID7979,13
ID7980,14
ID7981,15
ID7982,16
ID7983,17
ID7984,18
ID7985,19
ID7986,20
ID7987,21
ID7988,22
ID7989,23
ID7990,24
ID7991,25
ID7992,26
ID7993,27
ID7994,28
ID7995,29
ID7996,30
ID7997,31
ID7998,32
ID7999,33
ID8000,34
ID8001,35
ID8002,36
ID8003,37
ID8004,38
ID8005,39
ID8006,40
ID8007,41
ID8008,42
ID8009,43
ID8010,44
ID8011,45
ID8012,46
ID8013,47
ID8014,48
ID8015,49
ID8016,50
ID8017,51
ID8018,52
ID8019,53
ID8020,54
ID8021,55
ID8022,56
ID8023,57
ID8024,58
ID8025,59
ID8026,60
ID8027,1
ID8028,2
ID8029,3
ID8030,4
ID8031,5
ID8032,1
ID8033,2
ID8034,3
ID8035,4
ID8036,5
ID8037,6
ID8038,1
ID8039,2
ID8040,3
ID8041,4
ID8042,5
ID8043,6
ID8044,7
ID8045,8
ID8046,1
ID8047,2
ID8048,3
ID8049,4
ID8050,5
ID8051,6
ID8052,7
ID8053,8
ID8054,1
ID8055,2
ID8056,3
ID8057,4
ID8058,1
ID8059,1
ID8060,2
ID8061,3
ID8062,4
ID8063,5
ID8064,6
ID8065,7
ID8066,8
ID8067,9
ID8068,10
ID8069,11
ID8070,12
ID8071,13
ID8072,14
ID8073,15
ID8074,16
ID8075,17
ID8076,18
ID8077,19
ID8078,20
ID8079,21
ID8080,22
ID8081,23
ID8082,1
ID8083,2
ID8084,3
ID8085,4
ID8086,5
ID8087,6
ID8088,7
ID8089,8
ID8090,1
ID8091,1
ID8092,2
ID8093,1
ID8094,2
ID8095,1
ID8096,1
ID8097,1
ID8098,2
ID8099,3
ID8100,4
ID8101,1
ID8102,1
ID8103,2
ID8104,3
ID8105,4
ID8106,1
ID8107,1
ID8108,2
ID8109,3
ID8110,1
ID8111,1
ID8112,2
ID8113,3
ID8114,4
ID8115,1
ID8116,1
ID8117,2
ID8118,3
ID8119,4
ID8120,5
ID8121,6
ID8122,7
ID8123,8
ID8124,9
ID8125,1
ID8126,2
ID8127,3
ID8128,4
ID8129,5
ID8130,6
ID8131,7
ID8132,8
ID8133,9
ID8134,10
ID8135,11
ID8136,1
ID8137,2
ID8138,1
ID8139,1
ID8140,1
ID8141,2
ID8142,3
ID8143,4
ID8144,5
ID8145,1
ID8146,1
ID8147,2
ID8148,3
ID8149,1
ID8150,2
ID8151,3
ID8152,4
ID8153,5
ID8154,6
ID8155,7
ID8156,8
ID8157,9
ID8158,10
ID8159,11
ID8160,12
ID8161,13
ID8162,1
ID8163,2
ID8164,3
ID8165,4
ID8166,5
ID8167,6
ID8168,7
ID8169,8
ID8170,9
ID8171,10
ID8172,11
ID8173,12
ID8174,13
ID8175,14
ID8176,15
ID8177,16
ID8178,17
ID8179,18
ID8180,1
ID8181,2
ID8182,3
ID8183,4
ID8184,5
ID8185,6
ID8186,7
ID8187,8
ID8188,9
ID8189,10
ID8190,11
ID8191,12
ID8192,13
ID8193,14
ID8194,1
ID8195,2
ID8196,3
ID8197,4
ID8198,5
ID8199,6
ID8200,7
ID8201,8
ID8202,9
ID8203,10
ID8204,11
ID8205,12
ID8206,13
ID8207,1
ID8208,1
ID8209,2
ID8210,1
ID8211,1
ID8212,1
ID8213,1
ID8214,2
ID8215,1
ID8216,1
ID8217,1
ID8218,2
ID8219,3
ID8220,1
ID8221,2
ID8222,3
ID8223,4
ID8224,1
ID8225,1
ID8226,1
ID8227,1
ID8228,2
ID8229,1
ID8230,2
ID8231,1
ID8232,2
ID8233,3
ID8234,1
ID8235,2
ID8236,1
ID8237,2
ID8238,3
ID8239,4
ID8240,5
ID8241,6
ID8242,7
ID8243,8
ID8244,9
ID8245,10
ID8246,11
ID8247,1
ID8248,2
ID8249,3
ID8250,1
ID8251,2
ID8252,3
ID8253,4
ID8254,1
ID8255,1
ID8256,1
ID8257,1
ID8258,1
ID8259,1
ID8260,2
ID8261,1
ID8262,2
ID8263,1
ID8264,1
ID8265,2
ID8266,3
ID8267,1
ID8268,1
ID8269,1
ID8270,2
ID8271,1
ID8272,1
ID8273,2
ID8274,3
ID8275,4
ID8276,5
ID8277,6
ID8278,7
ID8279,8
ID8280,9
ID8281,10
ID8282,11
ID8283,12
ID8284,13
ID8285,14
ID8286,15
ID8287,16
ID8288,17
ID8289,18
ID8290,19
ID8291,20
ID8292,21
ID8293,1
ID8294,2
ID8295,3
ID8296,1
ID8297,2
ID8298,3
ID8299,1
ID8300,1
ID8301,1
ID8302,2
ID8303,3
ID8304,4
ID8305,5
ID8306,6
ID8307,7
ID8308,8
ID8309,9
ID8310,10
ID8311,11
ID8312,12
ID8313,13
ID8314,14
ID8315,15
ID8316,16
ID8317,17
ID8318,18
ID8319,19
ID8320,20
ID8321,21
ID8322,22
ID8323,1
ID8324,2
ID8325,3
ID8326,4
ID8327,5
ID8328,6
ID8329,7
ID8330,8
ID8331,9
ID8332,10
ID8333,11
ID8334,12
ID8335,13
ID8336,14
ID8337,15
ID8338,16
ID8339,1
ID8340,1
ID8341,1
ID8342,1
ID8343,2
ID8344,3
ID8345,4
ID8346,5
ID8347,6
ID8348,7
ID8349,8
ID8350,9
ID8351,10
ID8352,11
ID8353,12
ID8354,13
ID8355,14
ID8356,15
ID8357,16
ID8358,17
ID8359,18
ID8360,19
ID8361,20
ID8362,21
ID8363,22
ID8364,23
ID8365,24
ID8366,25
ID8367,26
ID8368,1
ID8369,2
ID8370,3
ID8371,4
ID8372,5
ID8373,6
ID8374,7
ID8375,8
ID8376,9
ID8377,10
ID8378,11
ID8379,12
ID8380,1
ID8381,2
ID8382,3
ID8383,4
ID8384,5
ID8385,6
ID8386,7
ID8387,1
ID8388,2
ID8389,3
ID8390,4
ID8391,5
ID8392,6
ID8393,1
ID8394,1
ID8395,1
ID8396,1
ID8397,2
ID8398,3
ID8399,1
ID8400,1
ID8401,2
ID8402,1
ID8403,2
ID8404,3
ID8405,4
ID8406,5
ID8407,6
ID8408,1
ID8409,1
ID8410,2
ID8411,3
ID8412,4
ID8413,5
ID8414,6
ID8415,7
ID8416,8
ID8417,9
ID8418,10
ID8419,11
ID8420,12
ID8421,1
ID8422,2
ID8423,1
ID8424,2
ID8425,3
ID8426,4
ID8427,5
ID8428,6
ID8429,7
ID8430,8
ID8431,9
ID8432,1
ID8433,2
ID8434,3
ID8435,1
ID8436,2
ID8437,3
ID8438,1
ID8439,2
ID8440,1
ID8441,2
ID8442,1
ID8443,2
ID8444,3
ID8445,4
ID8446,5
ID8447,1
ID8448,2
ID8449,3
ID8450,4
ID8451,1
ID8452,2
ID8453,1
ID8454,1
ID8455,2
ID8456,3
ID8457,1
ID8458,2
ID8459,3
ID8460,1
ID8461,1
ID8462,2
ID8463,3
ID8464,4
ID8465,5
ID8466,6
ID8467,7
ID8468,8
ID8469,9
ID8470,10
ID8471,11
ID8472,1
ID8473,2
ID8474,3
ID8475,4
ID8476,5
ID8477,1
ID8478,1
ID8479,2
ID8480,3
ID8481,4
ID8482,5
ID8483,6
ID8484,7
ID8485,8
ID8486,9
ID8487,10
ID8488,11
ID8489,12
ID8490,1
ID8491,2
ID8492,3
ID8493,4
ID8494,5
ID8495,6
ID8496,1
ID8497,2
ID8498,3
ID8499,4
ID8500,5
ID8501,6
ID8502,7
ID8503,8
ID8504,1
ID8505,2
ID8506,1
ID8507,2
ID8508,3
ID8509,4
ID8510,5
ID8511,6
ID8512,7
ID8513,1
ID8514,1
ID8515,1
ID8516,1
ID8517,2
ID8518,1
ID8519,1
ID8520,1
ID8521,2
ID8522,1
ID8523,2
ID8524,1
ID8525,1
ID8526,1
ID8527,2
ID8528,3
ID8529,4
ID8530,1
ID8531,2
ID8532,3
ID8533,4
ID8534,5
ID8535,6
ID8536,7
ID8537,8
ID8538,9
ID8539,10
ID8540,11
ID8541,12
ID8542,13
ID8543,14
ID8544,15
ID8545,16
ID8546,17
ID8547,18
ID8548,19
ID8549,20
ID8550,21
ID8551,22
ID8552,23
ID8553,24
ID8554,25
ID8555,26
ID8556,27
ID8557,28
ID8558,1
ID8559,1
ID8560,1
ID8561,2
ID8562,3
ID8563,4
ID8564,5
ID8565,6
ID8566,1
ID8567,2
ID8568,3
ID8569,4
ID8570,5
ID8571,6
ID8572,7
ID8573,8
ID8574,9
ID8575,10
ID8576,1
ID8577,2
ID8578,1
ID8579,2
ID8580,1
ID8581,2
ID8582,1
ID8583,2
ID8584,3
ID8585,4
ID8586,5
ID8587,6
ID8588,7
ID8589,8
ID8590,9
ID8591,10
ID8592,1
ID8593,1
ID8594,2
ID8595,3
ID8596,4
ID8597,5
ID8598,6
ID8599,7
ID8600,8
ID8601,9
ID8602,10
ID8603,11
ID8604,12
ID8605,13
ID8606,14
ID8607,15
ID8608,16
ID8609,17
ID8610,18
ID8611,19
ID8612,20
ID8613,21
ID8614,22
ID8615,23
ID8616,24
ID8617,25
ID8618,26
ID8619,27
ID8620,28
ID8621,29
ID8622,1
ID8623,2
ID8624,3
ID8625,4
ID8626,5
ID8627,6
ID8628,7
ID8629,8
ID8630,1
ID8631,2
ID8632,3
ID8633,1
ID8634,2
ID8635,3
ID8636,4
ID8637,5
ID8638,6
ID8639,7
ID8640,8
ID8641,9
ID8642,10
ID8643,11
ID8644,12
ID8645,13
ID8646,14
ID8647,15
ID8648,16
ID8649,17
ID8650,18
ID8651,19
ID8652,20
ID8653,21
ID8654,1
ID8655,1
ID8656,1
ID8657,2
ID8658,3
ID8659,4
ID8660,5
ID8661,6
ID8662,7
ID8663,8
ID8664,9
ID8665,10
ID8666,11
ID8667,12
ID8668,13
ID8669,14
ID8670,15
ID8671,1
ID8672,2
ID8673,3
ID8674,4
ID8675,5
ID8676,6
ID8677,1
ID8678,1
ID8679,1
ID8680,2
ID8681,1
ID8682,1
ID8683,2
ID8684,1
ID8685,1
ID8686,2
ID8687,1
ID8688,2
ID8689,1
ID8690,1
ID8691,1
ID8692,1
ID8693,1
ID8694,1
ID8695,2
ID8696,1
ID8697,1
ID8698,2
ID8699,3
ID8700,4
ID8701,1
ID8703,2
ID8705,3
ID8707,4
ID8709,5
ID8711,6
ID8713,7
ID8715,8
ID8717,9
ID8719,10
ID8721,11
ID8723,12
ID8725,13
ID8727,14
ID8729,15
ID8731,16
ID8733,17
ID8735,18
ID8737,1
ID8739,2
ID8741,3
ID8743,4
ID8745,5
ID8747,6
ID8749,7
ID8751,8
ID8753,9
ID8755,10
ID8757,11
ID8759,12
ID8761,1
ID8763,1
ID8765,1
ID8767,2
ID8769,3
ID8771,1
ID8773,2
ID8775,3
ID8777,1
ID8779,1
ID8781,2
ID8783,3
ID8785,1
ID8787,1
ID8789,1
ID8791,1
ID8793,1
ID8795,1
ID8797,1
ID8799,2
ID8801,3
ID8802,1
ID8803,1
ID8804,2
ID8805,3
ID8806,4
ID8807,1
ID8808,1
ID8809,2
ID8810,3
ID8811,1
ID8812,1
ID8813,1
ID8814,2
ID8815,1
ID8816,1
ID8817,2
ID8818,3
ID8819,4
ID8820,5
ID8821,6
ID8822,7
ID8823,1
ID8824,2
ID8825,1
ID8826,2
ID8827,3
ID8828,4
ID8829,5
ID8830,6
ID8831,7
ID8832,8
ID8833,9
ID8834,10
ID8835,11
ID8836,12
ID8837,13
ID8838,14
ID8839,15
ID8840,1
ID8841,2
ID8842,3
ID8843,4
ID8844,5
ID8845,6
ID8846,7
ID8847,8
ID8848,9
ID8849,10
ID8850,11
ID8851,12
ID8852,13
ID8853,14
ID8854,15
ID8855,1
ID8856,2
ID8857,3
ID8858,4
ID8859,5
ID8860,6
ID8861,7
ID8862,8
ID8863,9
ID8864,10
ID8865,11
ID8866,12
ID8867,1
ID8868,1
ID8869,2
ID8870,3
ID8871,1
ID8872,2
ID8873,3
ID8874,4
ID8875,5
ID8876,6
ID8877,7
ID8878,8
ID8879,1
ID8880,2
ID8881,1
ID8882,2
ID8883,1
ID8884,2
ID8885,3
ID8886,4
ID8887,5
ID8888,6
ID8889,7
ID8890,8
ID8891,9
ID8892,10
ID8893,11
ID8894,12
ID8895,13
ID8896,1
ID8897,2
ID8898,3
ID8899,4
ID8900,1
ID8901,2
ID8902,3
ID8903,4
ID8904,5
ID8905,6
ID8906,1
ID8907,1
ID8908,2
ID8909,3
ID8910,4
ID8911,1
ID8912,1
ID8913,1
ID8914,2
ID8915,3
ID8916,4
ID8917,5
ID8918,6
ID8919,7
ID8920,8
ID8921,9
ID8922,1
ID8923,2
ID8924,3
ID8925,4
ID8926,5
ID8927,6
ID8928,7
ID8929,8
ID8930,9
ID8931,10
ID8932,11
ID8933,12
ID8934,13
ID8935,14
ID8936,15
ID8937,16
ID8938,17
ID8939,18
ID8940,19
ID8941,20
ID8942,21
ID8943,22
ID8944,23
ID8945,24
ID8946,25
ID8947,26
ID8948,27
ID8949,28
ID8950,1
ID8951,2
ID8952,3
ID8953,4
ID8954,5
ID8955,6
ID8956,7
ID8957,8
ID8958,9
ID8959,10
ID8960,11
ID8961,12
ID8962,13
ID8963,14
ID8964,15
ID8965,16
ID8966,17
ID8967,18
ID8968,19
ID8969,20
ID8970,1
ID8971,1
ID8972,1
ID8973,1
ID8974,1
ID8975,1
ID8976,2
ID8977,3
ID8978,4
ID8979,5
ID8980,1
ID8981,1
ID8982,1
ID8983,1
ID8984,2
ID8985,1
ID8986,1
ID8987,1
ID8988,1
ID8989,2
ID8990,3
ID8991,4
ID8992,5
ID8993,6
ID8994,7
ID8995,8
ID8996,9
ID8997,1
ID8998,2
ID8999,3
ID9000,4
