game_id,streak
ID0001,1
ID0002,2
ID0003,3
ID0004,-1
ID0005,-2
ID0006,-3
ID0007,1
ID0008,-1
ID0009,1
ID0010,-1
ID0011,-2
ID0012,1
ID0013,2
ID0014,3
ID0015,-1
ID0016,-2
ID0017,1
ID0018,-1
ID0019,-2
ID0020,-3
ID0021,-4
ID0022,-5
ID0023,1
ID0024,2
ID0025,3
ID0026,-1
ID0027,-2
ID0028,1
ID0029,-1
ID0030,-2
ID0031,-3
ID0032,1
ID0033,2
ID0034,-1
ID0035,1
ID0036,-1
ID0037,1
ID0038,-1
ID0039,1
ID0040,2
ID0041,-1
ID0042,-2
ID0043,-3
ID0044,1
ID0045,2
ID0046,3
ID0047,-1
ID0048,1
ID0049,1
ID0050,1
ID0051,2
ID0052,3
ID0053,-1
ID0054,1
ID0055,1
ID0056,-1
ID0057,-2
ID0058,-3
ID0059,-4
ID0060,-5
ID0061,1
ID0062,2
ID0063,-1
ID0064,1
ID0065,2
ID0066,3
ID0067,4
ID0068,-1
ID0069,1
ID0070,2
ID0071,3
ID0072,4
ID0073,-1
ID0074,-2
ID0075,-3
ID0076,1
ID0077,2
ID0078,-1
ID0079,1
ID0080,2
ID0081,3
ID0082,-1
ID0083,1
ID0084,2
ID0085,-1
ID0086,-2
ID0087,1
ID0088,-1
ID0089,1
ID0090,2
ID0091,-1
ID0092,1
ID0093,-1
ID0094,-2
ID0095,1
ID0096,-1
ID0097,1
ID0098,2
ID0099,-1
ID0100,-2
ID0101,-3
ID0102,-4
ID0103,1
ID0104,2
ID0105,3
ID0106,-1
ID0107,-2
ID0108,-3
ID0109,1
ID0110,2
ID0111,3
ID0112,-1
ID0113,1
ID0114,2
ID0115,3
ID0116,-1
ID0117,-2
ID0118,1
ID0119,-1
ID0120,1
ID0121,2
ID0122,-1
ID0123,-2
ID0124,1
ID0125,-1
ID0126,1
ID0127,-1
ID0128,1
ID0129,-1
ID0130,-2
ID0131,1
ID0132,-1
ID0133,-2
ID0134,1
ID0135,2
ID0136,3
ID0137,4
ID0138,-1
ID0139,-2
ID0140,-3
ID0141,1
ID0142,2
ID0143,-1
ID0144,-2
ID0145,-3
ID0146,1
ID0147,-1
ID0148,1
ID0149,2
ID0150,-1
ID0151,-2
ID0152,-3
ID0153,-4
ID0154,1
ID0155,2
ID0156,3
ID0157,-1
ID0158,1
ID0159,-1
ID0160,1
ID0161,2
ID0162,3
ID0163,-1
ID0164,-2
ID0165,-3
ID0166,-4
ID0167,-5
ID0168,1
ID0169,2
ID0170,-1
ID0171,-2
ID0172,1
ID0173,-1
ID0174,-2
ID0175,-3
ID0176,-4
ID0177,1
ID0178,2
ID0179,3
ID0180,-1
ID0181,-2
ID0182,1
ID0183,-1
ID0184,-2
ID0185,1
ID0186,2
ID0187,-1
ID0188,-2
ID0189,-3
ID0190,-4
ID0191,1
ID0192,-1
ID0193,-2
ID0194,-3
ID0195,-4
ID0196,1
ID0197,2
ID0198,-1
ID0199,1
ID0200,-1
ID0201,-2
ID0202,1
ID0203,-1
ID0204,1
ID0205,-1
ID0206,1
ID0207,2
ID0208,-1
ID0209,-2
ID0210,-3
ID0211,1
ID0212,-1
ID0213,1
ID0214,2
ID0215,-1
ID0216,-2
ID0217,-3
ID0218,1
ID0219,2
ID0220,-1
ID0221,-2
ID0222,1
ID0223,-1
ID0224,1
ID0225,2
ID0226,-1
ID0227,-2
ID0228,-3
ID0229,1
ID0230,2
ID0231,3
ID0232,1
ID0233,1
ID0234,1
ID0235,-1
ID0236,-2
ID0237,-3
ID0238,1
ID0239,-1
ID0240,-2
ID0241,1
ID0242,-1
ID0243,1
ID0244,-1
ID0245,1
ID0246,-1
ID0247,-2
ID0248,-3
ID0249,1
ID0250,2
ID0251,-1
ID0252,1
ID0253,2
ID0254,3
ID0255,4
ID0256,5
ID0257,-1
ID0258,1
ID0259,1
ID0260,1
ID0261,-1
ID0262,-2
ID0263,1
ID0264,-1
ID0265,-2
ID0266,1
ID0267,-1
ID0268,-2
ID0269,1
ID0270,2
ID0271,-1
ID0272,1
ID0273,2
ID0274,3
ID0275,4
ID0276,5
ID0277,6
ID0278,7
ID0279,8
ID0280,-1
ID0281,1
ID0282,-1
ID0283,1
ID0284,-1
ID0285,1
ID0286,2
ID0287,-1
ID0288,-2
ID0289,1
ID0290,2
ID0291,-1
ID0292,-2
ID0293,-3
ID0294,-4
ID0295,-5
ID0296,-6
ID0297,1
ID0298,2
ID0299,3
ID0300,-1
ID0301,1
ID0302,2
ID0303,3
ID0304,4
ID0305,-1
ID0306,-2
ID0307,1
ID0308,2
ID0309,3
ID0310,4
ID0311,5
ID0312,-1
ID0313,-2
ID0314,-3
ID0315,1
ID0316,2
ID0317,3
ID0318,-1
ID0319,1
ID0320,-1
ID0321,-2
ID0322,-3
ID0323,-4
ID0324,-5
ID0325,-6
ID0326,1
ID0327,2
ID0328,3
ID0329,-1
ID0330,-2
ID0331,-3
ID0332,-4
ID0333,-5
ID0334,-6
ID0335,1
ID0336,1
ID0337,-1
ID0338,-2
ID0339,1
ID0340,-1
ID0341,1
ID0342,-1
ID0343,1
ID0344,2
ID0345,3
ID0346,-1
ID0347,-2
ID0348,1
ID0349,2
ID0350,3
ID0351,4
ID0352,-1
ID0353,-2
ID0354,1
ID0355,2
ID0356,1
ID0357,1
ID0358,-1
ID0359,-2
ID0360,1
ID0361,2
ID0362,1
ID0363,-1
ID0364,-2
ID0365,-3
ID0366,1
ID0367,2
ID0368,3
ID0369,4
ID0370,-1
ID0371,1
ID0372,2
ID0373,-1
ID0374,-2
ID0375,1
ID0376,-1
ID0377,-2
ID0378,-3
ID0379,1
ID0380,1
ID0381,2
ID0382,3
ID0383,-1
ID0384,-2
ID0385,1
ID0386,2
ID0387,-1
ID0388,1
ID0389,2
ID0390,3
ID0391,-1
ID0392,-2
ID0393,-3
ID0394,-4
ID0395,-5
ID0396,-6
ID0397,-7
ID0398,-8
ID0399,1
ID0400,2
ID0401,3
ID0402,-1
ID0403,-2
ID0404,-3
ID0405,1
ID0406,-1
ID0407,-2
ID0408,-3
ID0409,1
ID0410,-1
ID0411,1
ID0412,2
ID0413,3
ID0414,4
ID0415,-1
ID0416,1
ID0417,-1
ID0418,-2
ID0419,1
ID0420,-1
ID0421,-2
ID0422,1
ID0423,-1
ID0424,-2
ID0425,1
ID0426,-1
ID0427,1
ID0428,-1
ID0429,1
ID0430,2
ID0431,-1
ID0432,-2
ID0433,1
ID0434,-1
ID0435,-2
ID0436,-3
ID0437,1
ID0438,-1
ID0439,-2
ID0440,-3
ID0441,-4
ID0442,1
ID0443,-1
ID0444,-2
ID0445,1
ID0446,2
ID0447,-1
ID0448,-2
ID0449,1
ID0450,-1
ID0451,1
ID0452,2
ID0453,-1
ID0454,-2
ID0455,1
ID0456,2
ID0457,3
ID0458,-1
ID0459,1
ID0460,-1
ID0461,-2
ID0462,-3
ID0463,1
ID0464,-1
ID0465,-2
ID0466,1
ID0467,1
ID0468,1
ID0469,-1
ID0470,1
ID0471,2
ID0472,-1
ID0473,-2
ID0474,1
ID0475,-1
ID0476,-2
ID0477,1
ID0478,2
ID0479,3
ID0480,4
ID0481,5
ID0482,6
ID0483,7
ID0484,8
ID0485,-1
ID0486,-2
ID0487,1
ID0488,1
ID0489,-1
ID0490,-2
ID0491,-3
ID0492,-4
ID0493,-5
ID0494,-6
ID0495,-7
ID0496,1
ID0497,2
ID0498,-1
ID0499,1
ID0500,-1
ID0501,-2
ID0502,-3
ID0503,1
ID0504,-1
ID0505,-2
ID0506,-3
ID0507,1
ID0508,2
ID0509,3
ID0510,4
ID0511,5
ID0512,-1
ID0513,1
ID0514,-1
ID0515,1
ID0516,2
ID0517,3
ID0518,-1
ID0519,-2
ID0520,-3
ID0521,1
ID0522,2
ID0523,3
ID0524,-1
ID0525,-2
ID0526,-3
ID0527,1
ID0528,-1
ID0529,1
ID0530,2
ID0531,3
ID0532,4
ID0533,1
ID0534,-1
ID0535,1
ID0536,-1
ID0537,1
ID0538,2
ID0539,-1
ID0540,-2
ID0541,-3
ID0542,1
ID0543,2
ID0544,3
ID0545,4
ID0546,5
ID0547,6
ID0548,7
ID0549,-1
ID0550,-2
ID0551,1
ID0552,2
ID0553,-1
ID0554,-2
ID0555,-3
ID0556,1
ID0557,-1
ID0558,1
ID0559,-1
ID0560,1
ID0561,2
ID0562,3
ID0563,-1
ID0564,-2
ID0565,-3
ID0566,1
ID0567,-1
ID0568,1
ID0569,2
ID0570,3
ID0571,4
ID0572,-1
ID0573,1
ID0574,-1
ID0575,1
ID0576,-1
ID0577,1
ID0578,2
ID0579,-1
ID0580,1
ID0581,2
ID0582,3
ID0583,4
ID0584,5
ID0585,6
ID0586,-1
ID0587,1
ID0588,2
ID0589,-1
ID0590,-2
ID0591,1
ID0592,-1
ID0593,-2
ID0594,-3
ID0595,-4
ID0596,1
ID0597,1
ID0598,-1
ID0599,1
ID0600,-1
ID0601,-2
ID0602,-3
ID0603,1
ID0604,-1
ID0605,-2
ID0606,1
ID0607,-1
ID0608,-2
ID0609,1
ID0610,2
ID0611,3
ID0612,-1
ID0613,-2
ID0614,-3
ID0615,1
ID0616,2
ID0617,3
ID0618,4
ID0619,5
ID0620,6
ID0621,-1
ID0622,-2
ID0623,1
ID0624,-1
ID0625,1
ID0626,2
ID0627,3
ID0628,4
ID0629,-1
ID0630,-2
ID0631,1
ID0632,1
ID0633,2
ID0634,-1
ID0635,-2
ID0636,1
ID0637,2
ID0638,3
ID0639,-1
ID0640,-2
ID0641,1
ID0642,2
ID0643,3
ID0644,-1
ID0645,1
ID0646,2
ID0647,3
ID0648,-1
ID0649,-2
ID0650,1
ID0651,-1
ID0652,1
ID0653,-1
ID0654,-2
ID0655,-3
ID0656,-4
ID0657,1
ID0658,-1
ID0659,-2
ID0660,-3
ID0661,-4
ID0662,-5
ID0663,1
ID0664,-1
ID0665,1
ID0666,-1
ID0667,1
ID0668,-1
ID0669,1
ID0670,2
ID0671,-1
ID0672,1
ID0673,2
ID0674,3
ID0675,-1
ID0676,1
ID0677,2
ID0678,3
ID0679,4
ID0680,5
ID0681,-1
ID0682,1
ID0683,2
ID0684,-1
ID0685,1
ID0686,2
ID0687,-1
ID0688,-2
ID0689,1
ID0690,-1
ID0691,1
ID0692,-1
ID0693,1
ID0694,2
ID0695,3
ID0696,4
ID0697,5
ID0698,-1
ID0699,1
ID0700,2
ID0701,-1
ID0702,1
ID0703,2
ID0704,-1
ID0705,-2
ID0706,1
ID0707,2
ID0708,-1
ID0709,-2
ID0710,1
ID0711,-1
ID0712,-2
ID0713,-3
ID0714,-4
ID0715,-5
ID0716,1
ID0717,2
ID0718,3
ID0719,-1
ID0720,-2
ID0721,1
ID0722,2
ID0723,3
ID0724,-1
ID0725,-2
ID0726,1
ID0727,2
ID0728,3
ID0729,4
ID0730,-1
ID0731,-2
ID0732,1
ID0733,2
ID0734,-1
ID0735,-2
ID0736,1
ID0737,-1
ID0738,-2
ID0739,-3
ID0740,1
ID0741,1
ID0742,-1
ID0743,-2
ID0744,1
ID0745,-1
ID0746,1
ID0747,2
ID0748,-1
ID0749,-2
ID0750,-3
ID0751,-4
ID0752,-5
ID0753,-6
ID0754,1
ID0755,2
ID0756,3
ID0757,-1
ID0758,1
ID0759,2
ID0760,-1
ID0761,-2
ID0762,-3
ID0763,-4
ID0764,-5
ID0765,1
ID0766,1
ID0767,1
ID0768,1
ID0769,2
ID0770,3
ID0771,-1
ID0772,-2
ID0773,-3
ID0774,-4
ID0775,-5
ID0776,-6
ID0777,-7
ID0778,-8
ID0779,-9
ID0780,1
ID0781,-1
ID0782,-2
ID0783,-3
ID0784,1
ID0785,2
ID0786,3
ID0787,4
ID0788,1
ID0789,1
ID0790,2
ID0791,-1
ID0792,1
ID0793,-1
ID0794,-2
ID0795,1
ID0796,-1
ID0797,1
ID0798,-1
ID0799,1
ID0800,-1
ID0801,1
ID0802,-1
ID0803,1
ID0804,1
ID0805,-1
ID0806,1
ID0807,-1
ID0808,1
ID0809,2
ID0810,3
ID0811,4
ID0812,5
ID0813,-1
ID0814,-2
ID0815,1
ID0816,2
ID0817,3
ID0818,-1
ID0819,1
ID0820,2
ID0821,3
ID0822,-1
ID0823,1
ID0824,-1
ID0825,1
ID0826,-1
ID0827,1
ID0828,2
ID0829,-1
ID0830,-2
ID0831,-3
ID0832,-4
ID0833,1
ID0834,-1
ID0835,1
ID0836,-1
ID0837,1
ID0838,2
ID0839,-1
ID0840,1
ID0841,-1
ID0842,-2
ID0843,1
ID0844,2
ID0845,-1
ID0846,1
ID0847,-1
ID0848,1
ID0849,2
ID0850,3
ID0851,-1
ID0852,1
ID0853,2
ID0854,3
ID0855,-1
ID0856,1
ID0857,2
ID0858,3
ID0859,4
ID0860,5
ID0861,6
ID0862,-1
ID0863,1
ID0864,-1
ID0865,-2
ID0866,1
ID0867,2
ID0868,3
ID0869,-1
ID0870,1
ID0871,2
ID0872,-1
ID0873,-2
ID0874,1
ID0875,-1
ID0876,-2
ID0877,-3
ID0878,-4
ID0879,-5
ID0880,1
ID0881,2
ID0882,3
ID0883,4
ID0884,-1
ID0885,-2
ID0886,-3
ID0887,-4
ID0888,1
ID0889,2
ID0890,-1
ID0891,-2
ID0892,-3
ID0893,1
ID0894,-1
ID0895,-2
ID0896,1
ID0897,-1
ID0898,1
ID0899,2
ID0900,-1
ID0901,-2
ID0902,1
ID0903,-1
ID0904,-2
ID0905,-3
ID0906,-4
ID0907,1
ID0908,-1
ID0909,-2
ID0910,1
ID0911,2
ID0912,3
ID0913,-1
ID0914,1
ID0915,-1
ID0916,1
ID0917,2
ID0918,3
ID0919,4
ID0920,-1
ID0921,1
ID0922,2
ID0923,-1
ID0924,1
ID0925,2
ID0926,-1
ID0927,1
ID0928,-1
ID0929,-2
ID0930,-3
ID0931,1
ID0932,-1
ID0933,1
ID0934,-1
ID0935,-2
ID0936,1
ID0937,-1
ID0938,1
ID0939,-1
ID0940,-2
ID0941,-3
ID0942,-4
ID0943,1
ID0944,2
ID0945,-1
ID0946,-2
ID0947,-3
ID0948,1
ID0949,2
ID0950,3
ID0951,-1
ID0952,1
ID0953,-1
ID0954,-2
ID0955,-3
ID0956,-4
ID0957,-5
ID0958,1
ID0959,1
ID0960,-1
ID0961,-2
ID0962,-3
ID0963,1
ID0964,2
ID0965,3
ID0966,4
ID0967,5
ID0968,6
ID0969,-1
ID0970,1
ID0971,-1
ID0972,-2
ID0973,1
ID0974,-1
ID0975,1
ID0976,-1
ID0977,1
ID0978,2
ID0979,-1
ID0980,-2
ID0981,-3
ID0982,1
ID0983,2
ID0984,-1
ID0985,-2
ID0986,1
ID0987,2
ID0988,3
ID0989,-1
ID0990,1
ID0991,2
ID0992,-1
ID0993,-2
ID0994,-3
ID0995,-4
ID0996,1
ID0997,1
ID0998,2
ID0999,-1
ID1000,1
ID1001,2
ID1002,-1
ID1003,1
ID1004,2
ID1005,-1
ID1006,1
ID1007,2
ID1008,3
ID1009,-1
ID1010,-2
ID1011,1
ID1012,2
ID1013,-1
ID1014,-2
ID1015,1
ID1016,2
ID1017,3
ID1018,-1
ID1019,-2
ID1020,-3
ID1021,1
ID1022,1
ID1023,-1
ID1024,1
ID1025,-1
ID1026,1
ID1027,-1
ID1028,-2
ID1029,-3
ID1030,-4
ID1031,-5
ID1032,1
ID1033,2
ID1034,3
ID1035,-1
ID1036,1
ID1037,2
ID1038,-1
ID1039,-2
ID1040,-3
ID1041,1
ID1042,-1
ID1043,-2
ID1044,-3
ID1045,1
ID1046,-1
ID1047,1
ID1048,-1
ID1049,1
ID1050,2
ID1051,3
ID1052,4
ID1053,5
ID1054,-1
ID1055,1
ID1056,-1
ID1057,-2
ID1058,1
ID1059,-1
ID1060,1
ID1061,-1
ID1062,-2
ID1063,1
ID1064,2
ID1065,3
ID1066,4
ID1067,-1
ID1068,1
ID1069,-1
ID1070,-2
ID1071,1
ID1072,-1
ID1073,-2
ID1074,1
ID1075,2
ID1076,-1
ID1077,-2
ID1078,1
ID1079,-1
ID1080,-2
ID1081,-3
ID1082,1
ID1083,-1
ID1084,-2
ID1085,-3
ID1086,-4
ID1087,-5
ID1088,1
ID1089,2
ID1090,3
ID1091,-1
ID1092,-2
ID1093,-3
ID1094,-4
ID1095,1
ID1096,2
ID1097,3
ID1098,-1
ID1099,1
ID1100,2
ID1101,-1
ID1102,1
ID1103,2
ID1104,3
ID1105,-1
ID1106,1
ID1107,2
ID1108,3
ID1109,4
ID1110,-1
ID1111,1
ID1112,-1
ID1113,1
ID1114,-1
ID1115,-2
ID1116,1
ID1117,-1
ID1118,1
ID1119,2
ID1120,3
ID1121,-1
ID1122,1
ID1123,-1
ID1124,1
ID1125,1
ID1126,-1
ID1127,-2
ID1128,1
ID1129,2
ID1130,3
ID1131,-1
ID1132,1
ID1133,-1
ID1134,1
ID1135,2
ID1136,-1
ID1137,-2
ID1138,1
ID1139,2
ID1140,3
ID1141,-1
ID1142,-2
ID1143,-3
ID1144,1
ID1145,2
ID1146,-1
ID1147,1
ID1148,-1
ID1149,1
ID1150,2
ID1151,-1
ID1152,-2
ID1153,1
ID1154,1
ID1155,-1
ID1156,1
ID1157,-1
ID1158,-2
ID1159,1
ID1160,2
ID1161,-1
ID1162,1
ID1163,2
ID1164,-1
ID1165,1
ID1166,2
ID1167,-1
ID1168,-2
ID1169,-3
ID1170,-4
ID1171,-5
ID1172,1
ID1173,1
ID1174,-1
ID1175,1
ID1176,-1
ID1177,-2
ID1178,-3
ID1179,-4
ID1180,-5
ID1181,-6
ID1182,-7
ID1183,1
ID1184,2
ID1185,-1
ID1186,-2
ID1187,-3
ID1188,1
ID1189,1
ID1190,2
ID1191,-1
ID1192,-2
ID1193,1
ID1194,2
ID1195,-1
ID1196,-2
ID1197,1
ID1198,2
ID1199,-1
ID1200,-2
ID1201,-3
ID1202,1
ID1203,2
ID1204,-1
ID1205,-2
ID1206,-3
ID1207,-4
ID1208,-5
ID1209,1
ID1210,2
ID1211,1
ID1212,-1
ID1213,-2
ID1214,1
ID1215,-1
ID1216,-2
ID1217,-3
ID1218,1
ID1219,-1
ID1220,1
ID1221,2
ID1222,3
ID1223,-1
ID1224,-2
ID1225,-3
ID1226,1
ID1227,2
ID1228,3
ID1229,-1
ID1230,-2
ID1231,1
ID1232,1
ID1233,1
ID1234,2
ID1235,-1
ID1236,1
ID1237,-1
ID1238,1
ID1239,2
ID1240,-1
ID1241,-2
ID1242,-3
ID1243,1
ID1244,2
ID1245,3
ID1246,4
ID1247,-1
ID1248,-2
ID1249,-3
ID1250,1
ID1251,-1
ID1252,1
ID1253,2
ID1254,3
ID1255,4
ID1256,5
ID1257,-1
ID1258,1
ID1259,2
ID1260,3
ID1261,4
ID1262,5
ID1263,-1
ID1264,-2
ID1265,1
ID1266,-1
ID1267,1
ID1268,-1
ID1269,-2
ID1270,1
ID1271,-1
ID1272,1
ID1273,2
ID1274,1
ID1275,-1
ID1276,-2
ID1277,1
ID1278,2
ID1279,1
ID1280,-1
ID1281,1
ID1282,1
ID1283,2
ID1284,3
ID1285,4
ID1286,-1
ID1287,-2
ID1288,-3
ID1289,-4
ID1290,1
ID1291,2
ID1292,3
ID1293,-1
ID1294,-2
ID1295,1
ID1296,-1
ID1297,-2
ID1298,1
ID1299,-1
ID1300,1
ID1301,2
ID1302,-1
ID1303,1
ID1304,-1
ID1305,-2
ID1306,-3
ID1307,-4
ID1308,1
ID1309,2
ID1310,3
ID1311,4
ID1312,1
ID1313,-1
ID1314,-2
ID1315,-3
ID1316,-4
ID1317,-5
ID1318,-6
ID1319,-7
ID1320,-8
ID1321,-9
ID1322,-10
ID1323,1
ID1324,2
ID1325,-1
ID1326,-2
ID1327,-3
ID1328,1
ID1329,-1
ID1330,-2
ID1331,1
ID1332,2
ID1333,1
ID1334,1
ID1335,2
ID1336,-1
ID1337,-2
ID1338,-3
ID1339,1
ID1340,-1
ID1341,1
ID1342,2
ID1343,3
ID1344,4
ID1345,5
ID1346,-1
ID1347,-2
ID1348,1
ID1349,2
ID1350,-1
ID1351,-2
ID1352,1
ID1353,-1
ID1354,-2
ID1355,1
ID1356,1
ID1357,2
ID1358,3
ID1359,-1
ID1360,1
ID1361,2
ID1362,3
ID1363,-1
ID1364,-2
ID1365,1
ID1366,2
ID1367,3
ID1368,1
ID1369,1
ID1370,-1
ID1371,1
ID1372,2
ID1373,-1
ID1374,1
ID1375,-1
ID1376,-2
ID1377,1
ID1378,2
ID1379,3
ID1380,-1
ID1381,1
ID1382,2
ID1383,3
ID1384,4
ID1385,-1
ID1386,-2
ID1387,-3
ID1388,1
ID1389,-1
ID1390,-2
ID1391,1
ID1392,2
ID1393,3
ID1394,-1
ID1395,-2
ID1396,1
ID1397,2
ID1398,3
ID1399,4
ID1400,5
ID1401,-1
ID1402,-2
ID1403,-3
ID1404,1
ID1405,-1
ID1406,-2
ID1407,-3
ID1408,-4
ID1409,1
ID1410,2
ID1411,-1
ID1412,-2
ID1413,1
ID1414,2
ID1415,-1
ID1416,1
ID1417,-1
ID1418,1
ID1419,-1
ID1420,-2
ID1421,-3
ID1422,1
ID1423,2
ID1424,3
ID1425,-1
ID1426,-2
ID1427,-3
ID1428,1
ID1429,2
ID1430,3
ID1431,-1
ID1432,-2
ID1433,1
ID1434,2
ID1435,3
ID1437,4
ID1438,-1
ID1439,1
ID1440,-1
ID1441,-2
ID1442,-3
ID1443,1
ID1444,2
ID1445,3
ID1446,-1
ID1447,-2
ID1448,-3
ID1449,-4
ID1450,1
ID1451,-1
ID1452,-2
ID1453,-3
ID1454,1
ID1455,-1
ID1456,1
ID1457,-1
ID1458,1
ID1459,2
ID1460,3
ID1461,4
ID1462,5
ID1463,-1
ID1464,1
ID1465,-1
ID1466,1
ID1467,-1
ID1468,-2
ID1469,-3
ID1470,-4
ID1471,1
ID1472,-1
ID1473,-2
ID1474,-3
ID1475,-4
ID1476,1
ID1477,-1
ID1478,-2
ID1479,1
ID1480,-1
ID1481,1
ID1482,-1
ID1483,-2
ID1484,1
ID1485,-1
ID1486,-2
ID1487,-3
ID1488,-4
ID1489,-5
ID1490,-6
ID1491,1
ID1492,-1
ID1493,1
ID1494,2
ID1495,-1
ID1496,1
ID1497,-1
ID1498,1
ID1499,-1
ID1500,1
ID1501,2
ID1502,3
ID1503,4
ID1504,-1
ID1505,-2
ID1506,1
ID1507,-1
ID1508,1
ID1509,1
ID1510,-1
ID1511,1
ID1512,-1
ID1513,1
ID1514,-1
ID1515,1
ID1516,2
ID1517,3
ID1518,4
ID1519,5
ID1520,1
ID1521,-1
ID1522,1
ID1523,1
ID1524,2
ID1525,3
ID1526,4
ID1527,5
ID1528,6
ID1529,7
ID1530,8
ID1531,9
ID1532,10
ID1533,-1
ID1534,-2
ID1535,1
ID1536,2
ID1537,3
ID1538,-1
ID1539,1
ID1540,2
ID1541,-1
ID1542,1
ID1543,-1
ID1544,-2
ID1545,-3
ID1546,1
ID1547,-1
ID1548,-2
ID1549,-3
ID1550,-4
ID1551,1
ID1552,2
ID1553,-1
ID1554,1
ID1555,-1
ID1556,1
ID1557,2
ID1558,-1
ID1559,-2
ID1560,1
ID1561,2
ID1562,-1
ID1563,1
ID1564,2
ID1565,3
ID1566,4
ID1567,5
ID1568,6
ID1569,7
ID1570,8
ID1571,-1
ID1572,-2
ID1573,1
ID1574,2
ID1575,-1
ID1576,1
ID1577,2
ID1578,3
ID1579,-1
ID1580,-2
ID1581,-3
ID1582,1
ID1583,2
ID1584,-1
ID1585,1
ID1586,2
ID1587,-1
ID1588,1
ID1589,2
ID1590,3
ID1591,4
ID1592,-1
ID1593,1
ID1594,-1
ID1595,1
ID1596,-1
ID1597,-2
ID1598,-3
ID1599,-4
ID1600,-5
ID1601,1
ID1602,-1
ID1603,1
ID1604,2
ID1605,3
ID1606,-1
ID1607,-2
ID1608,1
ID1609,-1
ID1610,-2
ID1611,-3
ID1612,1
ID1613,2
ID1614,3
ID1615,4
ID1616,1
ID1617,-1
ID1618,1
ID1619,2
ID1620,-1
ID1621,-2
ID1622,1
ID1623,-1
ID1624,1
ID1625,2
ID1626,3
ID1627,-1
ID1628,-2
ID1629,1
ID1630,-1
ID1631,1
ID1632,1
ID1633,1
ID1634,-1
ID1635,-2
ID1636,1
ID1637,-1
ID1638,-2
ID1639,-3
ID1640,-4
ID1641,1
ID1642,2
ID1643,-1
ID1644,-2
ID1645,1
ID1646,-1
ID1647,-2
ID1648,-3
ID1649,-4
ID1650,-5
ID1651,-6
ID1652,1
ID1653,-1
ID1654,-2
ID1655,1
ID1656,-1
ID1657,-2
ID1658,1
ID1659,2
ID1660,-1
ID1661,1
ID1662,-1
ID1663,-2
ID1664,1
ID1665,-1
ID1666,1
ID1667,-1
ID1668,1
ID1669,2
ID1670,3
ID1671,4
ID1672,-1
ID1673,-2
ID1674,1
ID1675,2
ID1676,3
ID1677,-1
ID1678,1
ID1679,2
ID1680,-1
ID1681,1
ID1682,2
ID1683,-1
ID1684,1
ID1685,2
ID1686,-1
ID1687,1
ID1688,-1
ID1689,1
ID1690,2
ID1691,3
ID1692,-1
ID1693,-2
ID1694,-3
ID1695,1
ID1696,-1
ID1697,-2
ID1698,1
ID1699,-1
ID1700,-2
ID1701,-3
ID1702,-4
ID1703,1
ID1704,2
ID1705,-1
ID1706,1
ID1707,-1
ID1708,1
ID1709,2
ID1710,-1
ID1711,1
ID1712,-1
ID1713,-2
ID1714,-3
ID1715,-4
ID1716,1
ID1717,-1
ID1718,1
ID1719,2
ID1720,3
ID1721,4
ID1722,5
ID1723,6
ID1724,-1
ID1725,1
ID1726,-1
ID1727,1
ID1728,-1
ID1729,1
ID1730,2
ID1731,3
ID1732,-1
ID1733,1
ID1734,-1
ID1735,1
ID1736,2
ID1737,-1
ID1738,1
ID1739,2
ID1740,-1
ID1741,-2
ID1742,-3
ID1743,-4
ID1744,-5
ID1745,1
ID1746,2
ID1747,-1
ID1748,1
ID1749,2
ID1750,1
ID1751,-1
ID1752,1
ID1753,2
ID1754,-1
ID1755,-2
ID1756,-3
ID1757,1
ID1758,2
ID1759,-1
ID1760,-2
ID1761,1
ID1762,-1
ID1763,1
ID1764,2
ID1765,-1
ID1766,1
ID1767,-1
ID1768,1
ID1769,-1
ID1770,-2
ID1771,-3
ID1772,-4
ID1773,1
ID1774,-1
ID1775,1
ID1776,-1
ID1777,-2
ID1778,1
ID1779,2
ID1780,-1
ID1781,1
ID1782,2
ID1783,3
ID1784,-1
ID1785,1
ID1786,2
ID1787,3
ID1788,4
ID1789,-1
ID1790,-2
ID1791,-3
ID1792,1
ID1793,2
ID1794,3
ID1795,-1
ID1796,-2
ID1797,1
ID1798,2
ID1799,-1
ID1800,-2
ID1801,1
ID1802,-1
ID1803,-2
ID1804,1
ID1805,-1
ID1806,1
ID1807,2
ID1808,3
ID1809,-1
ID1810,1
ID1811,-1
ID1812,1
ID1813,2
ID1814,3
ID1815,4
ID1816,-1
ID1817,-2
ID1818,-3
ID1819,-4
ID1820,-5
ID1821,-6
ID1822,1
ID1823,-1
ID1824,-2
ID1825,-3
ID1826,-4
ID1827,1
ID1828,2
ID1829,3
ID1830,-1
ID1831,-2
ID1832,1
ID1833,-1
ID1834,1
ID1835,2
ID1836,3
ID1837,-1
ID1838,-2
ID1839,1
ID1840,2
ID1841,3
ID1842,-1
ID1843,1
ID1844,2
ID1845,3
ID1846,4
ID1847,5
ID1848,6
ID1849,1
ID1850,-1
ID1851,1
ID1852,2
ID1853,-1
ID1854,1
ID1855,-1
ID1856,1
ID1857,-1
ID1858,-2
ID1859,1
ID1860,2
ID1861,3
ID1862,-1
ID1863,1
ID1864,-1
ID1865,1
ID1866,-1
ID1867,1
ID1868,2
ID1869,-1
ID1870,-2
ID1871,1
ID1872,1
ID1873,-1
ID1874,1
ID1875,-1
ID1876,1
ID1877,2
ID1878,3
ID1879,4
ID1880,5
ID1881,6
ID1882,1
ID1883,-1
ID1884,-2
ID1885,1
ID1886,2
ID1887,-1
ID1888,1
ID1889,-1
ID1890,-2
ID1891,1
ID1892,2
ID1893,-1
ID1894,-2
ID1895,-3
ID1896,-4
ID1897,-5
ID1898,-6
ID1899,-7
ID1900,-8
ID1901,-9
ID1902,1
ID1903,-1
ID1904,-2
ID1905,1
ID1906,-1
ID1907,1
ID1908,2
ID1909,3
ID1910,4
ID1911,-1
ID1912,-2
ID1913,-3
ID1914,-4
ID1915,1
ID1916,2
ID1917,-1
ID1918,-2
ID1919,1
ID1920,2
ID1921,-1
ID1922,1
ID1923,-1
ID1924,-2
ID1925,1
ID1926,-1
ID1927,1
ID1928,-1
ID1929,1
ID1930,2
ID1931,3
ID1932,-1
ID1933,-2
ID1934,-3
ID1935,1
ID1936,-1
ID1937,1
ID1938,-1
ID1939,1
ID1940,-1
ID1941,-2
ID1942,-3
ID1943,-4
ID1944,1
ID1945,-1
ID1946,1
ID1947,2
ID1948,3
ID1949,4
ID1950,-1
ID1951,1
ID1952,-1
ID1953,1
ID1954,-1
ID1955,1
ID1956,1
ID1957,-1
ID1958,-2
ID1959,1
ID1960,2
ID1961,3
ID1962,-1
ID1963,1
ID1964,-1
ID1965,1
ID1966,-1
ID1967,-2
ID1968,1
ID1969,-1
ID1970,-2
ID1971,-3
ID1972,1
ID1973,-1
ID1974,1
ID1975,2
ID1976,-1
ID1977,-2
ID1978,-3
ID1979,-4
ID1980,-5
ID1981,1
ID1982,2
ID1983,-1
ID1984,1
ID1985,2
ID1986,-1
ID1987,1
ID1988,-1
ID1989,1
ID1990,-1
ID1991,1
ID1992,-1
ID1993,1
ID1994,-1
ID1995,1
ID1996,2
ID1997,3
ID1998,4
ID1999,5
ID2000,6
ID2001,7
ID2002,8
ID2003,-1
ID2004,-2
ID2005,-3
ID2006,-4
ID2007,-5
ID2008,-6
ID2009,1
ID2010,-1
ID2011,-2
ID2012,-3
ID2013,-4
ID2014,-5
ID2015,-6
ID2016,1
ID2017,-1
ID2018,1
ID2019,-1
ID2020,1
ID2021,2
ID2022,3
ID2023,4
ID2024,-1
ID2025,1
ID2026,-1
ID2027,1
ID2028,2
ID2029,3
ID2030,4
ID2031,5
ID2032,6
ID2033,7
ID2034,-1
ID2035,1
ID2036,-1
ID2037,1
ID2038,-1
ID2039,1
ID2040,2
ID2041,-1
ID2042,-2
ID2043,-3
ID2044,1
ID2045,2
ID2046,3
ID2047,4
ID2048,5
ID2049,-1
ID2050,-2
ID2051,1
ID2052,-1
ID2053,-2
ID2054,1
ID2055,-1
ID2056,-2
ID2057,1
ID2058,2
ID2059,3
ID2060,4
ID2061,-1
ID2062,-2
ID2063,1
ID2064,-1
ID2065,-2
ID2066,-3
ID2067,1
ID2068,2
ID2069,3
ID2070,-1
ID2071,-2
ID2072,1
ID2073,-1
ID2074,-2
ID2075,1
ID2076,-1
ID2077,1
ID2078,-1
ID2079,1
ID2080,-1
ID2081,-2
ID2082,-3
ID2083,1
ID2084,2
ID2085,3
ID2086,-1
ID2087,1
ID2088,2
ID2089,3
ID2090,-1
ID2091,1
ID2092,-1
ID2093,-2
ID2094,1
ID2095,-1
ID2096,-2
ID2097,1
ID2098,-1
ID2099,1
ID2100,-1
ID2101,-2
ID2102,1
ID2103,-1
ID2104,1
ID2105,2
ID2106,1
ID2107,-1
ID2108,1
ID2109,1
ID2110,1
ID2111,-1
ID2112,1
ID2113,-1
ID2114,-2
ID2115,-3
ID2116,-4
ID2117,1
ID2118,2
ID2119,3
ID2120,-1
ID2121,-2
ID2122,1
ID2123,2
ID2124,3
ID2125,-1
ID2126,-2
ID2127,1
ID2128,-1
ID2129,-2
ID2130,-3
ID2131,-4
ID2132,-5
ID2133,1
ID2134,-1
ID2135,1
ID2136,1
ID2137,-1
ID2138,-2
ID2139,1
ID2140,2
ID2141,-1
ID2142,-2
ID2143,1
ID2144,-1
ID2145,-2
ID2146,1
ID2147,-1
ID2148,-2
ID2149,-3
ID2150,-4
ID2151,1
ID2152,2
ID2153,3
ID2154,4
ID2155,5
ID2156,-1
ID2157,-2
ID2158,1
ID2159,-1
ID2160,1
ID2161,2
ID2162,-1
ID2163,1
ID2164,2
ID2165,-1
ID2166,1
ID2167,2
ID2168,-1
ID2169,-2
ID2170,-3
ID2171,-4
ID2172,1
ID2173,2
ID2174,3
ID2175,4
ID2176,-1
ID2177,1
ID2178,-1
ID2179,-2
ID2180,-3
ID2181,-4
ID2182,-5
ID2183,1
ID2184,2
ID2185,3
ID2186,-1
ID2187,1
ID2188,2
ID2189,3
ID2190,4
ID2191,5
ID2192,-1
ID2193,-2
ID2194,1
ID2195,-1
ID2196,-2
ID2197,1
ID2198,2
ID2199,3
ID2200,4
ID2201,-1
ID2202,1
ID2203,2
ID2204,3
ID2205,-1
ID2206,1
ID2207,-1
ID2208,-2
ID2209,1
ID2210,2
ID2211,3
ID2212,-1
ID2213,1
ID2214,-1
ID2215,-2
ID2216,-3
ID2217,-4
ID2218,-5
ID2219,1
ID2220,-1
ID2221,-2
ID2222,1
ID2223,-1
ID2224,1
ID2225,2
ID2226,-1
ID2227,-2
ID2228,1
ID2229,1
ID2230,-1
ID2231,1
ID2232,-1
ID2233,-2
ID2234,1
ID2235,2
ID2236,-1
ID2237,1
ID2238,2
ID2239,-1
ID2240,-2
ID2241,-3
ID2242,-4
ID2243,1
ID2244,2
ID2245,-1
ID2246,-2
ID2247,-3
ID2248,1
ID2249,-1
ID2250,-2
ID2251,1
ID2252,-1
ID2253,-2
ID2254,1
ID2255,-1
ID2256,1
ID2257,-1
ID2258,1
ID2259,-1
ID2260,-2
ID2261,1
ID2262,-1
ID2263,1
ID2264,2
ID2265,-1
ID2266,1
ID2267,-1
ID2268,-2
ID2269,-3
ID2270,1
ID2271,-1
ID2272,-2
ID2273,1
ID2274,-1
ID2275,1
ID2276,1
ID2277,2
ID2278,3
ID2279,-1
ID2280,1
ID2281,2
ID2282,-1
ID2283,-2
ID2284,1
ID2285,-1
ID2286,-2
ID2287,-3
ID2288,1
ID2289,2
ID2290,3
ID2291,-1
ID2292,1
ID2293,2
ID2294,3
ID2295,-1
ID2296,-2
ID2297,1
ID2298,-1
ID2299,-2
ID2300,-3
ID2301,1
ID2302,2
ID2303,3
ID2304,-1
ID2305,1
ID2306,2
ID2307,-1
ID2308,1
ID2309,2
ID2310,-1
ID2311,1
ID2312,2
ID2313,3
ID2314,4
ID2315,5
ID2316,6
ID2317,7
ID2318,-1
ID2319,-2
ID2320,1
ID2321,2
ID2322,3
ID2323,4
ID2324,5
ID2325,6
ID2326,-1
ID2327,-2
ID2328,-3
ID2329,-4
ID2330,1
ID2331,2
ID2332,3
ID2333,4
ID2334,-1
ID2335,-2
ID2336,-3
ID2337,1
ID2338,2
ID2339,-1
ID2340,1
ID2341,-1
ID2342,1
ID2343,2
ID2344,3
ID2345,4
ID2346,-1
ID2347,1
ID2348,-1
ID2349,-2
ID2350,-3
ID2351,-4
ID2352,-5
ID2353,1
ID2354,-1
ID2355,1
ID2356,-1
ID2357,1
ID2358,2
ID2359,-1
ID2360,-2
ID2361,1
ID2362,1
ID2363,2
ID2364,3
ID2365,4
ID2366,-1
ID2367,1
ID2368,-1
ID2369,1
ID2370,-1
ID2371,1
ID2372,2
ID2373,3
ID2374,4
ID2375,5
ID2376,-1
ID2377,1
ID2378,-1
ID2379,-2
ID2380,1
ID2381,-1
ID2382,1
ID2383,2
ID2384,3
ID2385,-1
ID2386,-2
ID2387,1
ID2388,2
ID2389,3
ID2390,-1
ID2391,1
ID2392,1
ID2393,-1
ID2394,1
ID2395,2
ID2396,3
ID2397,-1
ID2398,1
ID2399,-1
ID2400,1
ID2401,-1
ID2402,1
ID2403,2
ID2404,3
ID2405,-1
ID2406,-2
ID2407,-3
ID2408,1
ID2409,2
ID2410,-1
ID2411,-2
ID2412,1
ID2413,2
ID2414,3
ID2415,-1
ID2416,-2
ID2417,-3
ID2418,-4
ID2419,1
ID2420,2
ID2421,-1
ID2422,1
ID2423,-1
ID2424,1
ID2425,-1
ID2426,1
ID2427,2
ID2428,-1
ID2429,-2
ID2430,-3
ID2431,-4
ID2432,-5
ID2433,-6
ID2434,1
ID2435,-1
ID2436,-2
ID2437,-3
ID2438,-4
ID2439,1
ID2440,-1
ID2441,1
ID2442,-1
ID2443,-2
ID2444,-3
ID2445,1
ID2446,2
ID2447,-1
ID2448,-2
ID2449,-3
ID2450,1
ID2451,-1
ID2452,-2
ID2453,1
ID2454,2
ID2455,3
ID2456,-1
ID2457,-2
ID2458,-3
ID2459,1
ID2460,-1
ID2461,1
ID2462,1
ID2463,1
ID2464,2
ID2465,3
ID2466,-1
ID2467,1
ID2468,-1
ID2469,1
ID2470,-1
ID2471,-2
ID2472,1
ID2473,2
ID2474,3
ID2475,4
ID2476,-1
ID2477,1
ID2478,2
ID2479,-1
ID2480,-2
ID2481,1
ID2482,-1
ID2483,-2
ID2484,1
ID2485,1
ID2486,1
ID2487,2
ID2488,-1
ID2489,1
ID2490,2
ID2491,3
ID2492,-1
ID2493,-2
ID2494,-3
ID2495,-4
ID2496,1
ID2497,-1
ID2498,1
ID2499,-1
ID2500,1
ID2501,-1
ID2502,-2
ID2503,1
ID2504,-1
ID2505,-2
ID2506,-3
ID2507,1
ID2508,-1
ID2509,-2
ID2510,-3
ID2511,1
ID2512,-1
ID2513,1
ID2514,2
ID2515,-1
ID2516,1
ID2517,2
ID2518,-1
ID2519,-2
ID2520,-3
ID2521,1
ID2522,-1
ID2523,-2
ID2524,1
ID2525,2
ID2526,1
ID2527,1
ID2528,2
ID2529,-1
ID2530,1
ID2531,2
ID2532,-1
ID2533,1
ID2534,-1
ID2535,1
ID2536,2
ID2537,-1
ID2538,-2
ID2539,-3
ID2540,-4
ID2541,1
ID2542,2
ID2543,-1
ID2544,-2
ID2545,-3
ID2546,-4
ID2547,1
ID2548,2
ID2549,-1
ID2550,1
ID2551,2
ID2552,-1
ID2553,-2
ID2554,-3
ID2555,1
ID2556,-1
ID2557,1
ID2558,-1
ID2559,-2
ID2560,-3
ID2561,1
ID2562,-1
ID2563,1
ID2564,2
ID2565,3
ID2566,-1
ID2567,-2
ID2568,1
ID2569,2
ID2570,3
ID2571,-1
ID2572,1
ID2573,1
ID2574,2
ID2575,-1
ID2576,1
ID2577,2
ID2578,-1
ID2579,-2
ID2580,-3
ID2581,1
ID2582,1
ID2583,-1
ID2584,-2
ID2585,-3
ID2586,1
ID2587,1
ID2588,1
ID2589,2
ID2590,-1
ID2591,-2
ID2592,1
ID2593,2
ID2594,-1
ID2595,-2
ID2596,-3
ID2597,-4
ID2598,-5
ID2599,1
ID2600,2
ID2601,-1
ID2602,1
ID2603,-1
ID2604,1
ID2605,-1
ID2606,-2
ID2607,-3
ID2608,-4
ID2609,1
ID2610,-1
ID2611,1
ID2612,-1
ID2613,1
ID2614,2
ID2615,-1
ID2616,1
ID2617,2
ID2618,3
ID2619,4
ID2620,-1
ID2621,1
ID2622,2
ID2623,3
ID2624,-1
ID2625,-2
ID2626,1
ID2627,2
ID2628,-1
ID2629,-2
ID2630,-3
ID2631,-4
ID2632,-5
ID2633,1
ID2634,2
ID2635,-1
ID2636,1
ID2637,-1
ID2638,-2
ID2639,1
ID2640,2
ID2641,3
ID2642,-1
ID2643,1
ID2644,2
ID2645,3
ID2646,1
ID2647,-1
ID2648,-2
ID2649,-3
ID2650,-4
ID2651,-5
ID2652,1
ID2653,2
ID2654,-1
ID2655,-2
ID2656,-3
ID2657,-4
ID2658,1
ID2659,-1
ID2660,-2
ID2661,1
ID2662,-1
ID2663,-2
ID2664,1
ID2665,-1
ID2666,-2
ID2667,1
ID2668,-1
ID2669,1
ID2670,-1
ID2671,-2
ID2672,1
ID2673,-1
ID2674,-2
ID2675,1
ID2676,-1
ID2677,1
ID2678,2
ID2679,3
ID2680,4
ID2681,5
ID2682,-1
ID2683,-2
ID2684,1
ID2685,-1
ID2686,-2
ID2687,-3
ID2688,1
ID2689,2
ID2690,-1
ID2691,1
ID2692,-1
ID2693,1
ID2694,2
ID2695,3
ID2696,4
ID2697,-1
ID2698,1
ID2699,1
ID2700,2
ID2701,3
ID2702,-1
ID2703,1
ID2704,-1
ID2705,-2
ID2706,1
ID2707,2
ID2708,3
ID2709,4
ID2710,-1
ID2711,1
ID2712,-1
ID2713,-2
ID2714,-3
ID2715,1
ID2716,-1
ID2717,-2
ID2718,-3
ID2719,1
ID2720,2
ID2721,3
ID2722,4
ID2723,5
ID2724,6
ID2725,-1
ID2726,1
ID2727,-1
ID2728,1
ID2729,2
ID2730,-1
ID2731,1
ID2732,2
ID2733,3
ID2734,-1
ID2735,1
ID2736,-1
ID2737,1
ID2738,2
ID2739,3
ID2740,-1
ID2741,1
ID2742,-1
ID2743,-2
ID2744,1
ID2745,2
ID2746,3
ID2747,-1
ID2748,1
ID2749,-1
ID2750,-2
ID2751,-3
ID2752,1
ID2753,2
ID2754,-1
ID2755,-2
ID2756,-3
ID2757,-4
ID2758,-5
ID2759,1
ID2760,-1
ID2761,-2
ID2762,1
ID2763,2
ID2764,3
ID2765,1
ID2766,-1
ID2767,-2
ID2768,-3
ID2769,1
ID2770,2
ID2771,-1
ID2772,1
ID2773,2
ID2774,-1
ID2775,1
ID2776,-1
ID2777,1
ID2778,2
ID2779,-1
ID2780,-2
ID2781,1
ID2782,-1
ID2783,-2
ID2784,-3
ID2785,1
ID2786,-1
ID2787,1
ID2788,-1
ID2789,-2
ID2790,-3
ID2791,-4
ID2792,1
ID2793,-1
ID2794,1
ID2795,2
ID2796,3
ID2797,-1
ID2798,-2
ID2799,1
ID2800,2
ID2801,3
ID2802,4
ID2803,-1
ID2804,1
ID2805,-1
ID2806,-2
ID2807,1
ID2808,2
ID2809,-1
ID2810,1
ID2811,2
ID2812,-1
ID2813,-2
ID2814,-3
ID2815,-4
ID2816,-5
ID2817,-6
ID2818,1
ID2819,2
ID2820,-1
ID2821,-2
ID2822,1
ID2823,2
ID2824,3
ID2825,4
ID2826,5
ID2827,6
ID2828,1
ID2829,1
ID2830,2
ID2831,-1
ID2832,1
ID2833,2
ID2834,1
ID2835,1
ID2836,2
ID2837,3
ID2838,-1
ID2839,1
ID2840,-1
ID2841,1
ID2842,2
ID2843,1
ID2844,1
ID2845,2
ID2846,3
ID2847,4
ID2848,5
ID2849,6
ID2850,7
ID2851,-1
ID2852,-2
ID2853,-3
ID2854,-4
ID2855,-5
ID2856,1
ID2857,1
ID2858,2
ID2859,3
ID2860,4
ID2861,5
ID2862,-1
ID2863,1
ID2864,-1
ID2865,-2
ID2866,-3
ID2867,1
ID2868,2
ID2869,3
ID2870,4
ID2871,5
ID2872,6
ID2873,-1
ID2874,-2
ID2875,1
ID2876,-1
ID2877,-2
ID2878,1
ID2879,-1
ID2880,1
ID2881,2
ID2882,3
ID2883,-1
ID2884,-2
ID2885,1
ID2886,2
ID2887,-1
ID2888,-2
ID2889,-3
ID2890,-4
ID2891,-5
ID2892,-6
ID2893,-7
ID2894,-8
ID2895,-9
ID2896,1
ID2897,2
ID2898,3
ID2899,4
ID2900,5
ID2901,6
ID2902,-1
ID2903,1
ID2904,2
ID2905,3
ID2906,4
ID2907,-1
ID2908,1
ID2909,-1
ID2910,1
ID2911,-1
ID2912,1
ID2913,-1
ID2914,-2
ID2915,1
ID2916,-1
ID2917,-2
ID2918,1
ID2919,-1
ID2920,-2
ID2921,1
ID2922,-1
ID2923,-2
ID2924,1
ID2925,2
ID2926,-1
ID2927,-2
ID2928,-3
ID2929,-4
ID2930,1
ID2931,-1
ID2932,-2
ID2933,1
ID2934,2
ID2935,-1
ID2936,-2
ID2937,-3
ID2938,1
ID2939,2
ID2940,3
ID2941,4
ID2942,-1
ID2943,-2
ID2944,-3
ID2945,1
ID2946,-1
ID2947,1
ID2948,2
ID2949,3
ID2950,-1
ID2951,1
ID2952,-1
ID2953,1
ID2954,2
ID2955,3
ID2956,4
ID2957,5
ID2958,6
ID2959,7
ID2960,8
ID2961,-1
ID2962,-2
ID2963,1
ID2964,1
ID2965,-1
ID2966,1
ID2967,-1
ID2968,1
ID2969,-1
ID2970,-2
ID2971,1
ID2972,2
ID2973,-1
ID2974,-2
ID2975,-3
ID2976,-4
ID2977,1
ID2978,2
ID2979,3
ID2980,-1
ID2981,1
ID2982,-1
ID2983,1
ID2984,-1
ID2985,1
ID2986,-1
ID2987,1
ID2988,2
ID2989,-1
ID2990,-2
ID2991,1
ID2992,2
ID2993,3
ID2994,-1
ID2995,-2
ID2996,1
ID2997,-1
ID2998,-2
ID2999,-3
ID3000,-4
ID3001,1
ID3002,-1
ID3003,1
ID3004,1
ID3005,2
ID3006,3
ID3007,-1
ID3008,-2
ID3009,1
ID3010,-1
ID3011,1
ID3012,-1
ID3013,-2
ID3014,-3
ID3015,-4
ID3016,-5
ID3017,-6
ID3018,1
ID3019,2
ID3020,3
ID3021,-1
ID3022,1
ID3023,2
ID3024,3
ID3025,-1
ID3026,1
ID3027,-1
ID3028,1
ID3029,2
ID3030,3
ID3031,4
ID3032,-1
ID3033,1
ID3034,-1
ID3035,-2
ID3036,1
ID3037,2
ID3038,-1
ID3039,-2
ID3040,-3
ID3041,-4
ID3042,-5
ID3043,1
ID3044,2
ID3045,3
ID3046,-1
ID3047,-2
ID3048,-3
ID3049,1
ID3050,-1
ID3051,-2
ID3052,-3
ID3053,-4
ID3054,-5
ID3055,-6
ID3056,-7
ID3057,1
ID3058,-1
ID3059,1
ID3060,2
ID3061,3
ID3062,4
ID3063,5
ID3064,6
ID3065,7
ID3066,8
ID3067,9
ID3068,10
ID3069,-1
ID3070,-2
ID3071,1
ID3072,1
ID3073,-1
ID3074,-2
ID3075,1
ID3076,2
ID3077,3
ID3078,4
ID3079,1
ID3080,1
ID3081,2
ID3082,3
ID3083,4
ID3084,-1
ID3085,-2
ID3086,1
ID3087,2
ID3088,3
ID3089,4
ID3090,5
ID3091,6
ID3092,7
ID3093,-1
ID3094,1
ID3095,1
ID3096,-1
ID3097,1
ID3098,-1
ID3099,1
ID3100,1
ID3101,-1
ID3102,1
ID3103,2
ID3104,3
ID3105,4
ID3106,5
ID3107,6
ID3108,7
ID3109,8
ID3110,1
ID3111,1
ID3112,2
ID3113,-1
ID3114,-2
ID3115,-3
ID3116,1
ID3117,-1
ID3118,-2
ID3119,1
ID3120,2
ID3121,3
ID3122,4
ID3123,-1
ID3124,-2
ID3125,-3
ID3126,1
ID3127,-1
ID3128,1
ID3129,2
ID3130,-1
ID3131,-2
ID3132,-3
ID3133,-4
ID3134,1
ID3135,-1
ID3136,1
ID3137,-1
ID3138,-2
ID3139,-3
ID3140,1
ID3141,-1
ID3142,1
ID3143,2
ID3144,-1
ID3145,-2
ID3146,-3
ID3147,-4
ID3148,1
ID3149,-1
ID3150,1
ID3151,2
ID3152,-1
ID3153,-2
ID3154,1
ID3155,2
ID3156,3
ID3157,-1
ID3158,-2
ID3159,1
ID3160,2
ID3161,3
ID3162,4
ID3163,5
ID3164,-1
ID3165,1
ID3166,-1
ID3167,1
ID3168,-1
ID3169,1
ID3170,-1
ID3171,-2
ID3172,-3
ID3173,-4
ID3174,-5
ID3175,1
ID3176,2
ID3177,3
ID3178,-1
ID3179,-2
ID3180,1
ID3181,-1
ID3182,-2
ID3183,1
ID3184,-1
ID3185,1
ID3186,2
ID3187,3
ID3188,4
ID3189,-1
ID3190,1
ID3191,-1
ID3192,-2
ID3193,-3
ID3194,-4
ID3195,1
ID3196,2
ID3197,3
ID3198,4
ID3199,5
ID3200,-1
ID3201,1
ID3202,-1
ID3203,1
ID3204,-1
ID3205,-2
ID3206,1
ID3207,-1
ID3208,-2
ID3209,-3
ID3210,-4
ID3211,1
ID3212,-1
ID3213,1
ID3214,-1
ID3215,-2
ID3216,1
ID3217,-1
ID3218,-2
ID3219,-3
ID3220,1
ID3221,2
ID3222,3
ID3223,-1
ID3224,-2
ID3225,1
ID3226,-1
ID3227,-2
ID3228,1
ID3229,2
ID3230,3
ID3231,-1
ID3232,-2
ID3233,1
ID3234,-1
ID3235,-2
ID3236,-3
ID3237,1
ID3238,-1
ID3239,1
ID3240,1
ID3241,2
ID3242,3
ID3243,4
ID3244,-1
ID3245,-2
ID3246,1
ID3247,2
ID3248,3
ID3249,4
ID3250,-1
ID3251,1
ID3252,-1
ID3253,-2
ID3254,-3
ID3255,1
ID3256,1
ID3257,-1
ID3258,1
ID3259,-1
ID3260,-2
ID3261,-3
ID3262,-4
ID3263,1
ID3264,-1
ID3265,-2
ID3266,1
ID3267,2
ID3268,3
ID3269,4
ID3270,-1
ID3271,1
ID3272,-1
ID3273,1
ID3274,2
ID3275,-1
ID3276,-2
ID3277,1
ID3278,-1
ID3279,1
ID3280,2
ID3281,-1
ID3282,1
ID3283,-1
ID3284,1
ID3285,2
ID3286,-1
ID3287,1
ID3288,-1
ID3289,1
ID3290,2
ID3291,-1
ID3292,-2
ID3293,-3
ID3294,1
ID3295,2
ID3296,-1
ID3297,-2
ID3298,-3
ID3299,-4
ID3300,1
ID3301,2
ID3302,-1
ID3303,-2
ID3304,1
ID3305,2
ID3306,-1
ID3307,1
ID3308,2
ID3309,-1
ID3310,-2
ID3311,1
ID3312,2
ID3313,-1
ID3314,1
ID3315,2
ID3316,3
ID3317,4
ID3318,-1
ID3319,1
ID3320,-1
ID3321,1
ID3322,2
ID3323,-1
ID3324,1
ID3325,2
ID3326,-1
ID3327,-2
ID3328,1
ID3329,-1
ID3330,1
ID3331,-1
ID3332,1
ID3333,2
ID3334,-1
ID3335,-2
ID3336,-3
ID3337,-4
ID3338,1
ID3339,2
ID3340,3
ID3341,-1
ID3342,-2
ID3343,-3
ID3344,1
ID3345,1
ID3346,-1
ID3347,1
ID3348,-1
ID3349,-2
ID3350,1
ID3351,2
ID3352,3
ID3353,4
ID3354,-1
ID3355,1
ID3356,1
ID3357,1
ID3358,2
ID3359,-1
ID3360,-2
ID3361,1
ID3362,-1
ID3363,1
ID3364,2
ID3365,-1
ID3366,1
ID3367,1
ID3368,1
ID3369,2
ID3370,3
ID3371,-1
ID3372,-2
ID3373,1
ID3374,-1
ID3375,1
ID3376,2
ID3377,-1
ID3378,-2
ID3379,1
ID3380,-1
ID3381,1
ID3382,-1
ID3383,1
ID3384,2
ID3385,-1
ID3386,-2
ID3387,-3
ID3388,-4
ID3389,1
ID3390,-1
ID3391,-2
ID3392,1
ID3393,2
ID3394,-1
ID3395,-2
ID3396,1
ID3397,-1
ID3398,1
ID3399,-1
ID3400,-2
ID3401,-3
ID3402,-4
ID3403,-5
ID3404,-6
ID3405,-7
ID3406,1
ID3407,2
ID3408,3
ID3409,-1
ID3410,-2
ID3411,1
ID3412,-1
ID3413,1
ID3414,2
ID3415,3
ID3416,4
ID3417,-1
ID3418,-2
ID3419,-3
ID3420,-4
ID3421,1
ID3422,2
ID3423,-1
ID3424,-2
ID3425,-3
ID3426,1
ID3427,1
ID3428,-1
ID3429,1
ID3430,-1
ID3431,-2
ID3432,1
ID3433,2
ID3434,3
ID3435,4
ID3436,5
ID3437,6
ID3438,-1
ID3439,1
ID3440,-1
ID3441,1
ID3442,2
ID3443,-1
ID3444,1
ID3445,-1
ID3446,1
ID3447,2
ID3448,-1
ID3449,-2
ID3450,-3
ID3451,1
ID3452,2
ID3453,-1
ID3454,-2
ID3455,1
ID3456,2
ID3457,3
ID3458,4
ID3459,-1
ID3460,-2
ID3461,1
ID3462,-1
ID3463,1
ID3464,-1
ID3465,1
ID3466,2
ID3467,-1
ID3468,-2
ID3469,-3
ID3470,1
ID3471,2
ID3472,-1
ID3473,-2
ID3474,-3
ID3475,-4
ID3476,-5
ID3477,-6
ID3478,1
ID3479,-1
ID3480,-2
ID3481,-3
ID3482,1
ID3483,2
ID3484,-1
ID3485,-2
ID3486,-3
ID3487,1
ID3488,2
ID3489,3
ID3490,4
ID3491,-1
ID3492,-2
ID3493,1
ID3494,-1
ID3495,1
ID3496,-1
ID3497,-2
ID3498,1
ID3499,2
ID3500,-1
ID3501,1
ID3502,2
ID3503,-1
ID3504,1
ID3505,2
ID3506,3
ID3507,-1
ID3508,1
ID3509,1
ID3510,-1
ID3511,-2
ID3512,-3
ID3513,-4
ID3514,-5
ID3515,-6
ID3516,1
ID3517,2
ID3518,-1
ID3519,1
ID3520,2
ID3521,3
ID3522,4
ID3523,-1
ID3524,1
ID3525,-1
ID3526,-2
ID3527,1
ID3528,-1
ID3529,1
ID3530,2
ID3531,-1
ID3532,-2
ID3533,1
ID3534,2
ID3535,-1
ID3536,1
ID3537,-1
ID3538,-2
ID3539,1
ID3540,2
ID3541,3
ID3542,-1
ID3543,-2
ID3544,-3
ID3545,1
ID3546,2
ID3547,3
ID3548,4
ID3549,5
ID3550,-1
ID3551,-2
ID3552,-3
ID3553,1
ID3554,-1
ID3555,1
ID3556,-1
ID3557,-2
ID3558,1
ID3559,-1
ID3560,1
ID3561,2
ID3562,3
ID3563,-1
ID3564,1
ID3565,-1
ID3566,1
ID3567,-1
ID3568,-2
ID3569,-3
ID3570,1
ID3571,2
ID3572,1
ID3573,1
ID3574,-1
ID3575,-2
ID3576,1
ID3577,2
ID3578,-1
ID3579,1
ID3580,2
ID3581,3
ID3582,4
ID3583,-1
ID3584,1
ID3585,2
ID3586,-1
ID3587,-2
ID3588,-3
ID3589,1
ID3590,2
ID3591,-1
ID3592,-2
ID3593,1
ID3594,2
ID3595,-1
ID3596,-2
ID3597,-3
ID3598,-4
ID3599,1
ID3600,2
ID3601,-1
ID3602,-2
ID3603,1
ID3604,-1
ID3605,1
ID3606,-1
ID3607,-2
ID3608,1
ID3609,-1
ID3610,-2
ID3611,1
ID3612,2
ID3613,-1
ID3614,1
ID3615,2
ID3616,3
ID3617,4
ID3618,-1
ID3619,-2
ID3620,1
ID3621,2
ID3622,3
ID3623,-1
ID3624,1
ID3625,2
ID3626,-1
ID3627,1
ID3628,-1
ID3629,-2
ID3630,1
ID3631,2
ID3632,3
ID3633,1
ID3634,1
ID3635,-1
ID3636,1
ID3637,-1
ID3638,-2
ID3639,1
ID3640,2
ID3641,3
ID3642,-1
ID3643,1
ID3644,-1
ID3645,-2
ID3646,-3
ID3647,1
ID3648,-1
ID3649,-2
ID3650,1
ID3651,2
ID3652,-1
ID3653,-2
ID3654,-3
ID3655,1
ID3656,2
ID3657,-1
ID3658,1
ID3659,-1
ID3660,-2
ID3661,-3
ID3662,-4
ID3663,-5
ID3664,1
ID3665,2
ID3666,3
ID3667,4
ID3668,-1
ID3669,1
ID3670,2
ID3671,-1
ID3672,1
ID3673,-1
ID3674,1
ID3675,-1
ID3676,1
ID3677,-1
ID3678,-2
ID3679,1
ID3680,2
ID3681,-1
ID3682,1
ID3683,2
ID3684,-1
ID3685,-2
ID3686,1
ID3687,2
ID3688,3
ID3689,-1
ID3690,1
ID3691,2
ID3692,3
ID3693,4
ID3694,5
ID3695,6
ID3696,7
ID3697,-1
ID3698,-2
ID3699,1
ID3700,2
ID3701,3
ID3702,-1
ID3703,1
ID3704,-1
ID3705,-2
ID3706,-3
ID3707,1
ID3708,2
ID3709,3
ID3710,4
ID3711,-1
ID3712,-2
ID3713,1
ID3714,-1
ID3715,-2
ID3716,-3
ID3717,1
ID3718,-1
ID3719,-2
ID3720,-3
ID3721,1
ID3722,-1
ID3723,1
ID3724,2
ID3725,-1
ID3726,-2
ID3727,1
ID3728,-1
ID3729,1
ID3730,2
ID3731,-1
ID3732,1
ID3733,2
ID3734,-1
ID3735,1
ID3736,2
ID3737,-1
ID3738,1
ID3739,2
ID3740,3
ID3741,4
ID3742,-1
ID3743,-2
ID3744,-3
ID3745,-4
ID3746,1
ID3747,2
ID3748,3
ID3749,4
ID3750,-1
ID3751,1
ID3752,-1
ID3753,-2
ID3754,1
ID3755,2
ID3756,-1
ID3757,1
ID3758,2
ID3759,-1
ID3760,1
ID3761,2
ID3762,3
ID3763,4
ID3764,5
ID3765,-1
ID3766,1
ID3767,2
ID3768,3
ID3769,-1
ID3770,-2
ID3771,1
ID3772,-1
ID3773,-2
ID3774,-3
ID3775,-4
ID3776,1
ID3777,1
ID3778,2
ID3779,-1
ID3780,-2
ID3781,1
ID3782,-1
ID3783,-2
ID3784,-3
ID3785,-4
ID3786,1
ID3787,-1
ID3788,1
ID3789,2
ID3790,-1
ID3791,-2
ID3792,1
ID3793,2
ID3794,-1
ID3795,1
ID3796,-1
ID3797,-2
ID3798,1
ID3799,-1
ID3800,1
ID3801,2
ID3802,3
ID3803,4
ID3804,-1
ID3805,1
ID3806,1
ID3807,2
ID3808,1
ID3809,-1
ID3810,1
ID3811,2
ID3812,-1
ID3813,-2
ID3814,1
ID3815,1
ID3816,2
ID3817,1
ID3818,1
ID3819,2
ID3820,-1
ID3821,1
ID3822,2
ID3823,-1
ID3824,-2
ID3825,-3
ID3826,-4
ID3827,1
ID3828,-1
ID3829,1
ID3830,2
ID3831,3
ID3832,-1
ID3833,-2
ID3834,1
ID3835,2
ID3836,3
ID3837,-1
ID3838,1
ID3839,-1
ID3840,-2
ID3841,-3
ID3842,-4
ID3843,-5
ID3844,-6
ID3845,-7
ID3846,1
ID3847,-1
ID3848,1
ID3849,2
ID3850,-1
ID3851,1
ID3852,-1
ID3853,1
ID3854,2
ID3855,-1
ID3856,-2
ID3857,1
ID3858,2
ID3859,-1
ID3860,1
ID3861,-1
ID3862,-2
ID3863,-3
ID3864,1
ID3865,2
ID3866,-1
ID3867,1
ID3868,-1
ID3869,1
ID3870,-1
ID3871,-2
ID3872,1
ID3873,2
ID3874,3
ID3875,-1
ID3876,1
ID3877,2
ID3878,-1
ID3879,1
ID3880,1
ID3881,-1
ID3882,-2
ID3883,-3
ID3884,-4
ID3885,1
ID3886,-1
ID3887,-2
ID3888,-3
ID3889,-4
ID3890,1
ID3891,-1
ID3892,-2
ID3893,1
ID3894,-1
ID3895,-2
ID3896,-3
ID3897,1
ID3898,-1
ID3899,1
ID3900,-1
ID3901,1
ID3902,2
ID3903,-1
ID3904,1
ID3905,1
ID3906,1
ID3907,1
ID3908,-1
ID3909,-2
ID3910,-3
ID3911,1
ID3912,2
ID3913,3
ID3914,1
ID3915,1
ID3916,-1
ID3917,1
ID3918,1
ID3919,1
ID3920,-1
ID3921,1
ID3922,-1
ID3923,-2
ID3924,1
ID3925,-1
ID3926,1
ID3927,1
ID3928,1
ID3929,2
ID3930,3
ID3931,-1
ID3932,-2
ID3933,-3
ID3934,1
ID3935,1
ID3936,1
ID3937,-1
ID3938,1
ID3939,2
ID3940,-1
ID3941,1
ID3942,-1
ID3943,-2
ID3944,1
ID3945,2
ID3946,-1
ID3947,-2
ID3948,1
ID3949,2
ID3950,3
ID3951,-1
ID3952,-2
ID3953,1
ID3954,-1
ID3955,1
ID3956,2
ID3957,3
ID3958,4
ID3959,-1
ID3960,-2
ID3961,-3
ID3962,-4
ID3963,-5
ID3964,1
ID3965,2
ID3966,-1
ID3967,1
ID3968,-1
ID3969,-2
ID3970,1
ID3971,-1
ID3972,1
ID3973,-1
ID3974,-2
ID3975,-3
ID3976,1
ID3977,-1
ID3978,1
ID3979,2
ID3980,-1
ID3981,1
ID3982,2
ID3983,-1
ID3984,-2
ID3985,1
ID3986,2
ID3987,3
ID3988,-1
ID3989,-2
ID3990,-3
ID3991,1
ID3992,-1
ID3993,-2
ID3994,1
ID3995,-1
ID3996,-2
ID3997,-3
ID3998,1
ID3999,2
ID4000,3
ID4001,-1
ID4002,-2
ID4003,1
ID4004,2
ID4005,-1
ID4006,-2
ID4007,-3
ID4008,-4
ID4009,-5
ID4010,-6
ID4011,1
ID4012,-1
ID4013,1
ID4014,-1
ID4015,-2
ID4016,1
ID4017,-1
ID4018,-2
ID4019,1
ID4020,2
ID4021,3
ID4022,-1
ID4023,-2
ID4024,-3
ID4025,1
ID4026,2
ID4027,-1
ID4028,1
ID4029,1
ID4030,2
ID4031,-1
ID4032,-2
ID4033,1
ID4034,2
ID4035,-1
ID4036,-2
ID4037,-3
ID4038,1
ID4039,2
ID4040,3
ID4041,4
ID4042,5
ID4043,-1
ID4044,-2
ID4045,1
ID4046,-1
ID4047,-2
ID4048,-3
ID4049,1
ID4050,-1
ID4051,-2
ID4052,-3
ID4053,1
ID4054,2
ID4055,-1
ID4056,1
ID4057,-1
ID4058,-2
ID4059,-3
ID4060,-4
ID4061,1
ID4062,2
ID4063,3
ID4064,4
ID4065,5
ID4066,6
ID4067,7
ID4068,8
ID4069,-1
ID4070,1
ID4071,2
ID4072,-1
ID4073,1
ID4074,-1
ID4075,1
ID4076,1
ID4077,-1
ID4078,1
ID4079,2
ID4080,3
ID4081,-1
ID4082,-2
ID4083,-3
ID4084,-4
ID4085,1
ID4086,1
ID4087,2
ID4088,3
ID4089,-1
ID4090,1
ID4091,-1
ID4092,-2
ID4093,1
ID4094,2
ID4095,-1
ID4096,1
ID4097,2
ID4098,-1
ID4099,-2
ID4100,1
ID4101,-1
ID4102,1
ID4103,-1
ID4104,1
ID4105,2
ID4106,3
ID4107,-1
ID4108,1
ID4109,-1
ID4110,1
ID4111,-1
ID4112,-2
ID4113,-3
ID4114,-4
ID4115,-5
ID4116,1
ID4117,2
ID4118,-1
ID4119,1
ID4120,-1
ID4121,1
ID4122,2
ID4123,3
ID4124,-1
ID4125,-2
ID4126,-3
ID4127,-4
ID4128,1
ID4129,2
ID4130,-1
ID4131,1
ID4132,-1
ID4133,-2
ID4134,-3
ID4135,1
ID4136,1
ID4137,1
ID4138,2
ID4139,-1
ID4140,1
ID4141,-1
ID4142,-2
ID4143,-3
ID4144,1
ID4145,2
ID4146,3
ID4147,4
ID4148,5
ID4149,-1
ID4150,1
ID4151,-1
ID4152,-2
ID4153,1
ID4154,-1
ID4155,1
ID4156,2
ID4157,3
ID4158,4
ID4159,-1
ID4160,1
ID4161,2
ID4162,-1
ID4163,1
ID4164,1
ID4165,-1
ID4166,-2
ID4167,1
ID4168,-1
ID4169,-2
ID4170,1
ID4171,-1
ID4172,-2
ID4173,-3
ID4174,1
ID4175,2
ID4176,-1
ID4177,1
ID4178,-1
ID4179,-2
ID4180,-3
ID4181,1
ID4182,2
ID4183,-1
ID4184,-2
ID4185,1
ID4186,1
ID4187,-1
ID4188,1
ID4189,-1
ID4190,-2
ID4191,1
ID4192,-1
ID4193,1
ID4194,-1
ID4195,1
ID4196,-1
ID4197,1
ID4198,1
ID4199,1
ID4200,-1
ID4201,-2
ID4202,1
ID4203,2
ID4204,-1
ID4205,1
ID4206,2
ID4207,1
ID4208,1
ID4209,2
ID4210,3
ID4211,-1
ID4212,-2
ID4213,-3
ID4214,-4
ID4215,-5
ID4216,-6
ID4217,1
ID4218,2
ID4219,-1
ID4220,-2
ID4221,-3
ID4222,1
ID4223,2
ID4224,3
ID4225,4
ID4226,-1
ID4227,1
ID4228,-1
ID4229,-2
ID4230,1
ID4231,1
ID4232,-1
ID4233,-2
ID4234,1
ID4235,2
ID4236,-1
ID4237,1
ID4238,-1
ID4239,-2
ID4240,-3
ID4241,1
ID4242,2
ID4243,3
ID4244,4
ID4245,5
ID4246,-1
ID4247,1
ID4248,-1
ID4249,-2
ID4250,1
ID4251,2
ID4252,3
ID4253,4
ID4254,-1
ID4255,-2
ID4256,1
ID4257,-1
ID4258,1
ID4259,-1
ID4260,-2
ID4261,-3
ID4262,-4
ID4263,1
ID4264,2
ID4265,3
ID4266,4
ID4267,5
ID4268,6
ID4269,-1
ID4270,-2
ID4271,1
ID4272,1
ID4273,2
ID4274,3
ID4275,-1
ID4276,-2
ID4277,1
ID4278,2
ID4279,-1
ID4280,1
ID4281,2
ID4282,-1
ID4283,-2
ID4284,-3
ID4285,1
ID4286,2
ID4287,-1
ID4288,1
ID4289,1
ID4290,2
ID4291,3
ID4292,4
ID4293,-1
ID4294,-2
ID4295,-3
ID4296,1
ID4297,-1
ID4298,1
ID4299,1
ID4300,-1
ID4301,-2
ID4302,-3
ID4303,-4
ID4304,1
ID4305,-1
ID4306,-2
ID4307,-3
ID4308,-4
ID4309,1
ID4310,2
ID4311,-1
ID4312,-2
ID4313,-3
ID4314,-4
ID4315,1
ID4316,2
ID4317,-1
ID4318,1
ID4319,-1
ID4320,-2
ID4321,1
ID4322,-1
ID4323,1
ID4324,2
ID4325,-1
ID4326,-2
ID4327,1
ID4328,1
ID4329,-1
ID4330,-2
ID4331,1
ID4332,-1
ID4333,1
ID4334,2
ID4335,3
ID4336,-1
ID4337,-2
ID4338,1
ID4339,2
ID4340,-1
ID4341,-2
ID4342,-3
ID4343,1
ID4344,2
ID4345,-1
ID4346,-2
ID4347,-3
ID4348,1
ID4349,-1
ID4350,1
ID4351,-1
ID4352,-2
ID4353,-3
ID4354,-4
ID4355,1
ID4356,2
ID4357,-1
ID4358,-2
ID4359,-3
ID4360,-4
ID4361,-5
ID4362,-6
ID4363,-7
ID4364,1
ID4365,2
ID4366,3
ID4367,4
ID4368,5
ID4369,-1
ID4370,-2
ID4371,-3
ID4372,1
ID4373,2
ID4374,3
ID4375,1
ID4376,-1
ID4377,-2
ID4378,1
ID4379,-1
ID4380,-2
ID4381,1
ID4382,2
ID4383,3
ID4384,4
ID4385,5
ID4386,-1
ID4387,1
ID4388,2
ID4389,-1
ID4390,-2
ID4391,-3
ID4392,-4
ID4393,1
ID4394,2
ID4395,-1
ID4396,1
ID4397,2
ID4398,3
ID4399,4
ID4400,-1
ID4401,-2
ID4402,1
ID4403,2
ID4404,3
ID4405,-1
ID4406,1
ID4407,2
ID4408,3
ID4409,4
ID4410,5
ID4411,-1
ID4412,-2
ID4413,1
ID4414,2
ID4415,-1
ID4416,-2
ID4417,-3
ID4418,1
ID4419,2
ID4420,3
ID4421,4
ID4422,5
ID4423,6
ID4424,7
ID4425,-1
ID4426,-2
ID4427,-3
ID4428,1
ID4429,1
ID4430,2
ID4431,3
ID4432,-1
ID4433,1
ID4434,-1
ID4435,-2
ID4436,1
ID4437,-1
ID4438,1
ID4439,2
ID4440,3
ID4441,-1
ID4442,-2
ID4443,-3
ID4444,-4
ID4445,1
ID4446,-1
ID4447,-2
ID4448,1
ID4449,2
ID4450,1
ID4451,-1
ID4452,-2
ID4453,-3
ID4454,1
ID4455,2
ID4456,3
ID4457,-1
ID4458,1
ID4459,2
ID4460,1
ID4461,-1
ID4462,-2
ID4463,1
ID4464,2
ID4465,-1
ID4466,1
ID4467,-1
ID4468,1
ID4469,-1
ID4470,1
ID4471,2
ID4472,3
ID4473,4
ID4474,-1
ID4475,1
ID4476,2
ID4477,-1
ID4478,-2
ID4479,-3
ID4480,-4
ID4481,-5
ID4482,-6
ID4483,-7
ID4484,-8
ID4485,-9
ID4486,-10
ID4487,1
ID4488,2
ID4489,3
ID4490,-1
ID4491,1
ID4492,2
ID4493,-1
ID4494,-2
ID4495,-3
ID4496,-4
ID4497,-5
ID4498,-6
ID4499,-7
ID4500,-8
ID4501,1
ID4502,2
ID4503,-1
ID4504,-2
ID4505,1
ID4506,2
ID4507,3
ID4508,4
ID4509,5
ID4510,-1
ID4511,-2
ID4512,1
ID4513,2
ID4514,-1
ID4515,1
ID4516,-1
ID4517,-2
ID4518,1
ID4519,2
ID4520,-1
ID4521,-2
ID4522,1
ID4523,2
ID4524,-1
ID4525,1
ID4526,2
ID4527,3
ID4528,4
ID4529,-1
ID4530,-2
ID4531,1
ID4532,-1
ID4533,-2
ID4534,1
ID4535,2
ID4536,-1
ID4537,1
ID4538,-1
ID4539,1
ID4540,2
ID4541,-1
ID4542,-2
ID4543,1
ID4544,-1
ID4545,-2
ID4546,-3
ID4547,1
ID4548,2
ID4549,3
ID4550,-1
ID4551,1
ID4552,2
ID4553,3
ID4554,-1
ID4555,1
ID4556,2
ID4557,3
ID4558,4
ID4559,5
ID4560,6
ID4561,7
ID4562,-1
ID4563,1
ID4564,-1
ID4565,-2
ID4566,1
ID4568,2
ID4569,-1
ID4570,1
ID4571,2
ID4572,-1
ID4573,-2
ID4574,1
ID4575,2
ID4576,-1
ID4577,1
ID4578,-1
ID4579,1
ID4580,-1
ID4581,1
ID4582,-1
ID4583,-2
ID4584,-3
ID4585,1
ID4586,2
ID4587,3
ID4588,-1
ID4589,-2
ID4590,1
ID4591,-1
ID4592,-2
ID4593,-3
ID4594,-4
ID4595,1
ID4596,-1
ID4597,-2
ID4598,1
ID4599,-1
ID4600,-2
ID4601,-3
ID4602,1
ID4603,2
ID4604,-1
ID4605,1
ID4606,-1
ID4607,1
ID4608,2
ID4609,-1
ID4610,-2
ID4611,-3
ID4612,1
ID4613,2
ID4614,-1
ID4615,-2
ID4616,-3
ID4617,1
ID4618,1
ID4619,2
ID4620,-1
ID4621,1
ID4622,-1
ID4623,-2
ID4624,1
ID4625,1
ID4626,1
ID4627,-1
ID4628,1
ID4629,2
ID4630,-1
ID4631,-2
ID4632,1
ID4633,2
ID4634,1
ID4635,-1
ID4636,-2
ID4637,1
ID4638,1
ID4639,-1
ID4640,1
ID4641,2
ID4642,3
ID4643,4
ID4644,5
ID4645,-1
ID4646,-2
ID4647,-3
ID4648,-4
ID4649,1
ID4650,1
ID4651,1
ID4652,-1
ID4653,-2
ID4654,-3
ID4655,-4
ID4656,-5
ID4657,-6
ID4658,1
ID4659,2
ID4660,-1
ID4661,1
ID4662,2
ID4663,3
ID4664,-1
ID4665,-2
ID4666,-3
ID4667,-4
ID4668,1
ID4669,2
ID4670,-1
ID4671,-2
ID4672,1
ID4673,-1
ID4674,-2
ID4675,-3
ID4676,-4
ID4677,1
ID4678,1
ID4679,-1
ID4680,-2
ID4681,1
ID4682,2
ID4683,-1
ID4684,-2
ID4685,1
ID4686,-1
ID4687,1
ID4688,-1
ID4689,1
ID4690,2
ID4691,3
ID4692,-1
ID4693,1
ID4694,-1
ID4695,-2
ID4696,-3
ID4697,1
ID4698,-1
ID4699,1
ID4700,-1
ID4701,1
ID4702,2
ID4703,3
ID4704,-1
ID4705,1
ID4706,2
ID4707,-1
ID4708,1
ID4709,2
ID4710,3
ID4711,-1
ID4712,-2
ID4713,1
ID4714,2
ID4715,3
ID4716,-1
ID4717,1
ID4718,1
ID4719,-1
ID4720,-2
ID4721,1
ID4722,1
ID4723,1
ID4724,2
ID4725,3
ID4726,-1
ID4727,-2
ID4728,1
ID4729,-1
ID4730,-2
ID4731,1
ID4732,2
ID4733,3
ID4734,-1
ID4735,-2
ID4736,-3
ID4737,1
ID4738,2
ID4739,3
ID4740,4
ID4741,5
ID4742,6
ID4743,7
ID4744,-1
ID4745,1
ID4746,-1
ID4747,-2
ID4748,1
ID4749,-1
ID4750,-2
ID4751,-3
ID4752,1
ID4753,2
ID4754,-1
ID4755,1
ID4756,2
ID4757,3
ID4758,-1
ID4759,1
ID4760,-1
ID4761,1
ID4762,2
ID4763,-1
ID4764,1
ID4765,-1
ID4766,1
ID4767,-1
ID4768,1
ID4769,-1
ID4770,1
ID4771,-1
ID4772,1
ID4773,2
ID4774,-1
ID4775,-2
ID4776,1
ID4777,-1
ID4778,1
ID4779,2
ID4780,3
ID4781,4
ID4782,5
ID4783,-1
ID4784,-2
ID4785,1
ID4786,2
ID4787,3
ID4788,4
ID4789,5
ID4790,6
ID4791,1
ID4792,-1
ID4793,1
ID4794,1
ID4795,1
ID4796,-1
ID4797,-2
ID4798,1
ID4799,2
ID4800,-1
ID4801,1
ID4802,1
ID4803,-1
ID4804,1
ID4805,2
ID4806,1
ID4807,-1
ID4808,-2
ID4809,-3
ID4810,1
ID4811,-1
ID4812,-2
ID4813,1
ID4814,-1
ID4815,-2
ID4816,-3
ID4817,1
ID4818,-1
ID4819,1
ID4820,2
ID4821,-1
ID4822,1
ID4823,-1
ID4824,1
ID4825,2
ID4826,-1
ID4827,1
ID4828,-1
ID4829,1
ID4830,-1
ID4831,1
ID4832,2
ID4833,-1
ID4834,1
ID4835,-1
ID4836,-2
ID4837,-3
ID4838,1
ID4839,2
ID4840,3
ID4841,-1
ID4842,1
ID4843,-1
ID4844,-2
ID4845,1
ID4846,2
ID4847,3
ID4848,-1
ID4849,-2
ID4850,-3
ID4851,1
ID4852,-1
ID4853,-2
ID4854,-3
ID4855,1
ID4856,-1
ID4857,-2
ID4858,1
ID4859,2
ID4860,-1
ID4861,1
ID4862,2
ID4863,-1
ID4864,-2
ID4865,1
ID4866,2
ID4867,3
ID4868,4
ID4869,5
ID4870,-1
ID4871,-2
ID4872,1
ID4873,-1
ID4874,1
ID4875,2
ID4876,-1
ID4877,1
ID4878,2
ID4879,-1
ID4880,-2
ID4881,-3
ID4882,-4
ID4883,1
ID4884,-1
ID4885,1
ID4886,-1
ID4887,1
ID4888,-1
ID4889,1
ID4890,-1
ID4891,1
ID4892,1
ID4893,2
ID4894,3
ID4895,4
ID4896,5
ID4897,-1
ID4898,-2
ID4899,-3
ID4900,1
ID4901,-1
ID4902,1
ID4903,2
ID4904,-1
ID4905,-2
ID4906,-3
ID4907,-4
ID4908,-5
ID4909,1
ID4910,-1
ID4911,-2
ID4912,-3
ID4913,1
ID4914,-1
ID4915,1
ID4916,-1
ID4917,1
ID4918,-1
ID4919,1
ID4920,2
ID4921,-1
ID4922,1
ID4923,1
ID4924,-1
ID4925,-2
ID4926,1
ID4927,-1
ID4928,-2
ID4929,1
ID4930,2
ID4931,-1
ID4932,-2
ID4933,1
ID4934,-1
ID4935,-2
ID4936,-3
ID4937,-4
ID4938,1
ID4939,2
ID4940,-1
ID4941,1
ID4942,-1
ID4943,1
ID4944,-1
ID4945,1
ID4946,-1
ID4947,1
ID4948,2
ID4949,-1
ID4950,1
ID4951,2
ID4952,3
ID4953,1
ID4954,-1
ID4955,-2
ID4956,-3
ID4957,-4
ID4958,1
ID4959,-1
ID4960,1
ID4961,2
ID4962,3
ID4963,4
ID4964,-1
ID4965,1
ID4966,2
ID4967,-1
ID4968,1
ID4969,2
ID4970,-1
ID4971,1
ID4972,-1
ID4973,-2
ID4974,-3
ID4975,1
ID4976,2
ID4977,3
ID4978,4
ID4979,-1
ID4980,1
ID4981,-1
ID4982,1
ID4983,2
ID4984,-1
ID4985,1
ID4986,2
ID4987,3
ID4988,4
ID4989,5
ID4990,6
ID4991,-1
ID4992,-2
ID4993,1
ID4994,2
ID4995,1
ID4996,1
ID4997,-1
ID4998,1
ID4999,1
ID5000,-1
ID5001,1
ID5002,-1
ID5003,-2
ID5004,1
ID5005,2
ID5006,3
ID5007,-1
ID5008,1
ID5009,-1
ID5010,1
ID5011,2
ID5012,3
ID5013,-1
ID5014,1
ID5015,-1
ID5016,1
ID5017,-1
ID5018,1
ID5019,2
ID5020,-1
ID5021,1
ID5022,-1
ID5023,-2
ID5024,-3
ID5025,1
ID5026,2
ID5027,-1
ID5028,-2
ID5029,1
ID5030,-1
ID5031,-2
ID5032,1
ID5033,-1
ID5034,-2
ID5035,1
ID5036,2
ID5037,3
ID5038,4
ID5039,-1
ID5040,1
ID5041,-1
ID5042,-2
ID5043,-3
ID5044,1
ID5045,2
ID5046,-1
ID5047,1
ID5048,2
ID5049,-1
ID5050,-2
ID5051,1
ID5052,-1
ID5053,-2
ID5054,-3
ID5055,-4
ID5056,-5
ID5057,-6
ID5058,-7
ID5059,1
ID5060,2
ID5061,-1
ID5062,1
ID5063,-1
ID5064,-2
ID5065,1
ID5066,-1
ID5067,-2
ID5068,1
ID5069,-1
ID5070,1
ID5071,-1
ID5072,-2
ID5073,-3
ID5074,-4
ID5075,1
ID5076,-1
ID5077,-2
ID5078,1
ID5079,2
ID5080,3
ID5081,4
ID5082,-1
ID5083,1
ID5084,-1
ID5085,-2
ID5086,1
ID5087,2
ID5088,3
ID5089,4
ID5090,-1
ID5091,-2
ID5092,-3
ID5093,1
ID5094,-1
ID5095,-2
ID5096,1
ID5097,-1
ID5098,1
ID5099,-1
ID5100,1
ID5101,2
ID5102,3
ID5103,-1
ID5104,1
ID5105,2
ID5106,3
ID5107,4
ID5108,-1
ID5109,-2
ID5110,1
ID5111,-1
ID5112,1
ID5113,-1
ID5114,-2
ID5115,-3
ID5116,1
ID5117,-1
ID5118,-2
ID5119,-3
ID5120,1
ID5121,-1
ID5122,1
ID5123,-1
ID5124,1
ID5125,1
ID5126,1
ID5127,-1
ID5128,-2
ID5129,1
ID5130,2
ID5131,-1
ID5132,1
ID5133,-1
ID5134,-2
ID5135,1
ID5136,2
ID5137,3
ID5138,4
ID5139,5
ID5140,-1
ID5141,1
ID5142,-1
ID5143,-2
ID5144,-3
ID5145,1
ID5146,-1
ID5147,-2
ID5148,1
ID5149,-1
ID5150,-2
ID5151,1
ID5152,2
ID5153,3
ID5154,4
ID5155,-1
ID5156,-2
ID5157,-3
ID5158,-4
ID5159,-5
ID5160,-6
ID5161,-7
ID5162,1
ID5163,2
ID5164,-1
ID5165,1
ID5166,2
ID5167,-1
ID5168,1
ID5169,-1
ID5170,-2
ID5171,-3
ID5172,-4
ID5173,1
ID5174,-1
ID5175,1
ID5176,2
ID5177,3
ID5178,4
ID5179,-1
ID5180,-2
ID5181,1
ID5182,2
ID5183,3
ID5184,-1
ID5185,1
ID5186,2
ID5187,3
ID5188,4
ID5189,1
ID5190,-1
ID5191,1
ID5192,-1
ID5193,-2
ID5194,-3
ID5195,1
ID5196,2
ID5197,3
ID5198,-1
ID5199,-2
ID5200,1
ID5201,-1
ID5202,1
ID5203,2
ID5204,-1
ID5205,1
ID5206,-1
ID5207,-2
ID5208,1
ID5209,2
ID5210,-1
ID5211,-2
ID5212,-3
ID5213,-4
ID5214,-5
ID5215,1
ID5216,-1
ID5217,1
ID5218,2
ID5219,-1
ID5220,-2
ID5221,1
ID5222,-1
ID5223,-2
ID5224,1
ID5225,-1
ID5226,-2
ID5227,1
ID5228,2
ID5229,3
ID5230,-1
ID5231,-2
ID5232,1
ID5233,2
ID5234,1
ID5235,-1
ID5236,1
ID5237,2
ID5238,-1
ID5239,-2
ID5240,1
ID5241,2
ID5242,-1
ID5243,1
ID5244,2
ID5245,3
ID5246,4
ID5247,-1
ID5248,1
ID5249,2
ID5250,3
ID5251,-1
ID5252,1
ID5253,-1
ID5254,1
ID5255,-1
ID5256,-2
ID5257,1
ID5258,-1
ID5259,-2
ID5260,-3
ID5261,-4
ID5262,1
ID5263,-1
ID5264,1
ID5265,-1
ID5266,-2
ID5267,-3
ID5268,1
ID5269,2
ID5270,3
ID5271,-1
ID5272,-2
ID5273,-3
ID5274,-4
ID5275,-5
ID5276,-6
ID5277,1
ID5278,2
ID5279,3
ID5280,-1
ID5281,-2
ID5282,1
ID5283,2
ID5284,3
ID5285,4
ID5286,-1
ID5287,-2
ID5288,1
ID5289,-1
ID5290,1
ID5291,2
ID5292,3
ID5293,-1
ID5294,1
ID5295,2
ID5296,3
ID5297,4
ID5298,5
ID5299,-1
ID5300,-2
ID5301,1
ID5302,-1
ID5303,-2
ID5304,-3
ID5305,-4
ID5306,1
ID5307,-1
ID5308,-2
ID5309,1
ID5310,-1
ID5311,-2
ID5312,1
ID5313,2
ID5314,-1
ID5315,1
ID5316,2
ID5317,3
ID5318,4
ID5319,1
ID5320,-1
ID5321,1
ID5322,2
ID5323,3
ID5324,-1
ID5325,-2
ID5326,1
ID5327,2
ID5328,-1
ID5329,1
ID5330,2
ID5331,-1
ID5332,1
ID5333,1
ID5334,-1
ID5335,1
ID5336,2
ID5337,-1
ID5338,1
ID5339,-1
ID5340,1
ID5341,-1
ID5342,1
ID5343,2
ID5344,-1
ID5345,1
ID5346,2
ID5347,-1
ID5348,-2
ID5349,1
ID5350,2
ID5351,-1
ID5352,-2
ID5353,1
ID5354,2
ID5355,3
ID5356,4
ID5357,5
ID5358,-1
ID5359,-2
ID5360,-3
ID5361,-4
ID5362,-5
ID5363,1
ID5364,-1
ID5365,1
ID5366,-1
ID5367,-2
ID5368,-3
ID5369,1
ID5370,2
ID5371,3
ID5372,4
ID5373,-1
ID5374,1
ID5375,2
ID5376,3
ID5377,4
ID5378,5
ID5379,-1
ID5380,1
ID5381,2
ID5382,-1
ID5383,-2
ID5384,-3
ID5385,1
ID5386,2
ID5387,3
ID5388,4
ID5389,1
ID5390,1
ID5391,2
ID5392,-1
ID5393,1
ID5394,-1
ID5395,1
ID5396,-1
ID5397,-2
ID5398,1
ID5399,1
ID5400,2
ID5401,3
ID5402,4
ID5403,-1
ID5404,-2
ID5405,1
ID5406,2
ID5407,-1
ID5408,1
ID5409,-1
ID5410,1
ID5411,-1
ID5412,1
ID5413,1
ID5414,-1
ID5415,-2
ID5416,-3
ID5417,-4
ID5418,-5
ID5419,1
ID5420,-1
ID5421,1
ID5422,-1
ID5423,1
ID5424,2
ID5425,-1
ID5426,1
ID5427,-1
ID5428,-2
ID5429,-3
ID5430,1
ID5431,-1
ID5432,1
ID5433,2
ID5434,-1
ID5435,1
ID5436,2
ID5437,3
ID5438,-1
ID5439,1
ID5440,-1
ID5441,-2
ID5442,1
ID5443,-1
ID5444,-2
ID5445,1
ID5446,2
ID5447,3
ID5448,-1
ID5449,1
ID5450,2
ID5451,3
ID5452,-1
ID5453,-2
ID5454,-3
ID5455,1
ID5456,2
ID5457,3
ID5458,-1
ID5459,1
ID5460,2
ID5461,3
ID5462,4
ID5463,5
ID5464,-1
ID5465,-2
ID5466,-3
ID5467,-4
ID5468,-5
ID5469,1
ID5470,2
ID5471,3
ID5472,4
ID5473,-1
ID5474,1
ID5475,2
ID5476,3
ID5477,-1
ID5478,-2
ID5479,1
ID5480,2
ID5481,-1
ID5482,-2
ID5483,-3
ID5484,1
ID5485,-1
ID5486,1
ID5487,2
ID5488,-1
ID5489,-2
ID5490,-3
ID5491,1
ID5492,-1
ID5493,1
ID5494,-1
ID5495,-2
ID5496,1
ID5497,-1
ID5498,1
ID5499,2
ID5500,-1
ID5501,-2
ID5502,-3
ID5503,-4
ID5504,1
ID5505,-1
ID5506,1
ID5507,-1
ID5508,1
ID5509,-1
ID5510,1
ID5511,2
ID5512,3
ID5513,-1
ID5514,1
ID5515,2
ID5516,3
ID5517,-1
ID5518,1
ID5519,2
ID5520,3
ID5521,-1
ID5522,1
ID5523,-1
ID5524,-2
ID5525,1
ID5526,-1
ID5527,1
ID5528,-1
ID5529,1
ID5530,2
ID5531,3
ID5532,-1
ID5533,-2
ID5534,-3
ID5535,1
ID5536,-1
ID5537,-2
ID5538,1
ID5539,2
ID5540,3
ID5541,-1
ID5542,1
ID5543,-1
ID5544,1
ID5545,-1
ID5546,1
ID5547,1
ID5548,1
ID5549,2
ID5550,-1
ID5551,1
ID5552,2
ID5553,3
ID5554,4
ID5555,5
ID5556,-1
ID5557,-2
ID5558,-3
ID5559,-4
ID5560,-5
ID5561,1
ID5562,-1
ID5563,1
ID5564,1
ID5565,2
ID5566,-1
ID5567,-2
ID5568,-3
ID5569,-4
ID5570,1
ID5571,2
ID5572,-1
ID5573,-2
ID5574,-3
ID5575,1
ID5576,2
ID5577,-1
ID5578,-2
ID5579,1
ID5580,2
ID5581,3
ID5582,-1
ID5583,-2
ID5584,1
ID5585,-1
ID5586,-2
ID5587,-3
ID5588,1
ID5589,2
ID5590,-1
ID5591,1
ID5592,2
ID5593,3
ID5594,-1
ID5595,1
ID5596,2
ID5597,-1
ID5598,-2
ID5599,1
ID5600,2
ID5601,3
ID5602,4
ID5603,-1
ID5604,-2
ID5605,1
ID5606,2
ID5607,-1
ID5608,-2
ID5609,1
ID5610,2
ID5611,3
ID5612,-1
ID5613,1
ID5614,1
ID5615,2
ID5616,3
ID5617,4
ID5618,5
ID5619,-1
ID5620,-2
ID5621,1
ID5622,2
ID5623,3
ID5624,-1
ID5625,-2
ID5626,-3
ID5627,1
ID5628,2
ID5629,3
ID5630,-1
ID5631,-2
ID5632,1
ID5633,-1
ID5634,-2
ID5635,-3
ID5636,1
ID5637,2
ID5638,3
ID5639,4
ID5640,-1
ID5641,1
ID5642,2
ID5643,-1
ID5644,1
ID5645,2
ID5646,-1
ID5647,-2
ID5648,1
ID5649,-1
ID5650,-2
ID5651,1
ID5652,-1
ID5653,1
ID5654,2
ID5655,-1
ID5656,1
ID5657,-1
ID5658,1
ID5659,-1
ID5660,1
ID5661,-1
ID5662,-2
ID5663,1
ID5664,-1
ID5665,1
ID5666,2
ID5667,-1
ID5668,1
ID5669,-1
ID5670,1
ID5671,2
ID5672,-1
ID5673,1
ID5674,2
ID5675,3
ID5676,-1
ID5677,-2
ID5678,-3
ID5679,-4
ID5680,-5
ID5681,1
ID5682,-1
ID5683,1
ID5684,2
ID5685,1
ID5686,1
ID5687,-1
ID5688,1
ID5689,-1
ID5690,-2
ID5691,1
ID5692,2
ID5693,3
ID5694,4
ID5695,5
ID5696,-1
ID5697,1
ID5698,2
ID5699,-1
ID5700,1
ID5701,2
ID5702,3
ID5703,4
ID5704,5
ID5705,-1
ID5706,-2
ID5707,1
ID5708,2
ID5709,3
ID5710,-1
ID5711,-2
ID5712,1
ID5713,2
ID5714,-1
ID5715,1
ID5716,-1
ID5717,1
ID5718,2
ID5719,-1
ID5720,1
ID5721,2
ID5722,-1
ID5723,-2
ID5724,-3
ID5725,-4
ID5726,1
ID5727,-1
ID5728,1
ID5729,2
ID5730,1
ID5731,1
ID5732,2
ID5733,-1
ID5734,1
ID5735,-1
ID5736,1
ID5737,2
ID5738,-1
ID5739,-2
ID5740,1
ID5741,-1
ID5742,1
ID5743,-1
ID5744,-2
ID5745,1
ID5746,1
ID5747,-1
ID5748,1
ID5749,-1
ID5750,-2
ID5751,1
ID5752,2
ID5753,-1
ID5754,-2
ID5755,1
ID5756,2
ID5757,-1
ID5758,1
ID5759,2
ID5760,-1
ID5761,-2
ID5762,1
ID5763,-1
ID5764,1
ID5765,2
ID5766,3
ID5767,4
ID5768,5
ID5769,-1
ID5770,1
ID5771,2
ID5772,-1
ID5773,-2
ID5774,-3
ID5775,-4
ID5776,-5
ID5777,1
ID5778,-1
ID5779,-2
ID5780,1
ID5781,2
ID5782,-1
ID5783,1
ID5784,2
ID5785,3
ID5786,4
ID5787,-1
ID5788,1
ID5789,-1
ID5790,1
ID5791,-1
ID5792,1
ID5793,2
ID5794,-1
ID5795,1
ID5796,-1
ID5797,1
ID5798,2
ID5799,3
ID5800,4
ID5801,5
ID5802,6
ID5803,7
ID5804,8
ID5805,-1
ID5806,-2
ID5807,1
ID5808,1
ID5809,-1
ID5810,1
ID5811,-1
ID5812,-2
ID5813,1
ID5814,2
ID5815,3
ID5816,4
ID5817,-1
ID5818,1
ID5819,-1
ID5820,-2
ID5821,1
ID5822,2
ID5823,-1
ID5824,-2
ID5825,-3
ID5826,1
ID5827,1
ID5828,2
ID5829,-1
ID5830,1
ID5831,-1
ID5832,-2
ID5833,1
ID5834,-1
ID5835,1
ID5836,2
ID5837,-1
ID5838,-2
ID5839,-3
ID5840,-4
ID5841,1
ID5842,2
ID5843,1
ID5844,-1
ID5845,1
ID5846,2
ID5847,3
ID5848,-1
ID5849,-2
ID5850,-3
ID5851,1
ID5852,2
ID5853,3
ID5854,-1
ID5855,-2
ID5856,1
ID5857,-1
ID5858,1
ID5859,2
ID5860,3
ID5861,-1
ID5862,-2
ID5863,-3
ID5864,1
ID5865,-1
ID5866,-2
ID5867,1
ID5868,2
ID5869,-1
ID5870,-2
ID5871,-3
ID5872,-4
ID5873,1
ID5874,-1
ID5875,-2
ID5876,-3
ID5877,1
ID5878,2
ID5879,-1
ID5880,1
ID5881,2
ID5882,-1
ID5883,-2
ID5884,1
ID5885,-1
ID5886,-2
ID5887,-3
ID5888,1
ID5889,2
ID5890,3
ID5891,-1
ID5892,1
ID5893,2
ID5894,3
ID5895,4
ID5896,5
ID5897,6
ID5898,-1
ID5899,1
ID5900,-1
ID5901,1
ID5902,-1
ID5903,-2
ID5904,1
ID5905,2
ID5906,-1
ID5907,1
ID5908,2
ID5909,3
ID5910,-1
ID5911,1
ID5912,-1
ID5913,1
ID5914,-1
ID5915,1
ID5916,-1
ID5917,-2
ID5918,1
ID5919,2
ID5920,3
ID5921,4
ID5922,5
ID5923,-1
ID5924,1
ID5925,2
ID5926,-1
ID5927,1
ID5928,2
ID5929,-1
ID5930,1
ID5931,2
ID5932,-1
ID5933,1
ID5934,2
ID5935,-1
ID5936,1
ID5937,1
ID5938,2
ID5939,-1
ID5940,-2
ID5941,1
ID5942,-1
ID5943,1
ID5944,2
ID5945,3
ID5946,-1
ID5947,-2
ID5948,-3
ID5949,1
ID5950,2
ID5951,3
ID5952,-1
ID5953,1
ID5954,-1
ID5955,1
ID5956,-1
ID5957,-2
ID5958,-3
ID5959,-4
ID5960,-5
ID5961,1
ID5962,-1
ID5963,1
ID5964,-1
ID5965,1
ID5966,-1
ID5967,-2
ID5968,-3
ID5969,1
ID5970,-1
ID5971,-2
ID5972,-3
ID5973,1
ID5974,2
ID5975,3
ID5976,-1
ID5977,1
ID5978,-1
ID5979,1
ID5980,2
ID5981,3
ID5982,-1
ID5983,-2
ID5984,1
ID5985,2
ID5986,-1
ID5987,-2
ID5988,-3
ID5989,-4
ID5990,1
ID5991,-1
ID5992,1
ID5993,-1
ID5994,-2
ID5995,-3
ID5996,-4
ID5997,1
ID5998,2
ID5999,-1
ID6000,1
ID6001,-1
ID6002,1
ID6003,-1
ID6004,1
ID6005,-1
ID6006,1
ID6007,-1
ID6008,1
ID6009,-1
ID6010,1
ID6011,2
ID6012,1
ID6013,1
ID6014,2
ID6015,-1
ID6016,1
ID6017,2
ID6018,3
ID6019,4
ID6020,-1
ID6021,-2
ID6022,-3
ID6023,1
ID6024,-1
ID6025,-2
ID6026,-3
ID6027,1
ID6028,-1
ID6029,1
ID6030,-1
ID6031,1
ID6032,-1
ID6033,-2
ID6034,-3
ID6035,-4
ID6036,1
ID6037,-1
ID6038,-2
ID6039,1
ID6040,2
ID6041,3
ID6042,4
ID6043,-1
ID6044,-2
ID6045,-3
ID6046,-4
ID6047,-5
ID6048,-6
ID6049,-7
ID6050,-8
ID6051,1
ID6052,2
ID6053,3
ID6054,-1
ID6055,-2
ID6056,-3
ID6057,1
ID6058,-1
ID6059,1
ID6060,-1
ID6061,-2
ID6062,-3
ID6063,-4
ID6064,1
ID6065,-1
ID6066,1
ID6067,2
ID6068,3
ID6069,-1
ID6070,-2
ID6071,1
ID6072,2
ID6073,-1
ID6074,-2
ID6075,-3
ID6076,1
ID6077,2
ID6078,3
ID6079,4
ID6080,-1
ID6081,-2
ID6082,1
ID6083,-1
ID6084,1
ID6085,2
ID6086,-1
ID6087,-2
ID6088,-3
ID6089,1
ID6090,-1
ID6091,1
ID6092,-1
ID6093,1
ID6094,-1
ID6095,1
ID6096,-1
ID6097,-2
ID6098,-3
ID6099,1
ID6100,-1
ID6101,1
ID6102,2
ID6103,-1
ID6104,1
ID6105,-1
ID6106,-2
ID6107,-3
ID6108,-4
ID6109,1
ID6110,2
ID6111,3
ID6112,4
ID6113,5
ID6114,6
ID6115,7
ID6116,-1
ID6117,1
ID6118,-1
ID6119,-2
ID6120,-3
ID6121,1
ID6122,2
ID6123,-1
ID6124,-2
ID6125,-3
ID6126,1
ID6127,-1
ID6128,1
ID6129,-1
ID6130,1
ID6131,-1
ID6132,1
ID6133,-1
ID6134,-2
ID6135,-3
ID6136,-4
ID6137,1
ID6138,-1
ID6139,1
ID6140,-1
ID6141,1
ID6142,2
ID6143,-1
ID6144,-2
ID6145,1
ID6146,-1
ID6147,-2
ID6148,-3
ID6149,-4
ID6150,1
ID6151,2
ID6152,3
ID6153,4
ID6154,1
ID6155,-1
ID6156,1
ID6157,2
ID6158,3
ID6159,4
ID6160,-1
ID6161,-2
ID6162,1
ID6163,1
ID6164,1
ID6165,2
ID6166,3
ID6167,4
ID6168,5
ID6169,-1
ID6170,1
ID6171,2
ID6172,-1
ID6173,-2
ID6174,-3
ID6175,1
ID6176,-1
ID6177,1
ID6178,1
ID6179,1
ID6180,1
ID6181,2
ID6182,-1
ID6183,1
ID6184,2
ID6185,-1
ID6186,1
ID6187,2
ID6188,3
ID6189,-1
ID6190,-2
ID6191,-3
ID6192,-4
ID6193,-5
ID6194,-6
ID6195,1
ID6196,2
ID6197,-1
ID6198,-2
ID6199,1
ID6200,-1
ID6201,1
ID6202,-1
ID6203,1
ID6204,-1
ID6205,1
ID6206,2
ID6207,3
ID6208,-1
ID6209,-2
ID6210,1
ID6211,-1
ID6212,-2
ID6213,-3
ID6214,1
ID6215,-1
ID6216,1
ID6217,2
ID6218,3
ID6219,-1
ID6220,1
ID6221,2
ID6222,-1
ID6223,1
ID6224,-1
ID6225,1
ID6226,-1
ID6227,1
ID6228,2
ID6229,3
ID6230,4
ID6231,-1
ID6232,-2
ID6233,1
ID6234,2
ID6235,3
ID6236,-1
ID6237,1
ID6238,-1
ID6239,1
ID6240,2
ID6241,3
ID6242,4
ID6243,-1
ID6244,-2
ID6245,1
ID6246,-1
ID6247,-2
ID6248,-3
ID6249,-4
ID6250,1
ID6251,-1
ID6252,-2
ID6253,-3
ID6254,1
ID6255,-1
ID6256,1
ID6257,2
ID6258,-1
ID6259,-2
ID6260,1
ID6261,2
ID6262,1
ID6263,1
ID6264,-1
ID6265,-2
ID6266,-3
ID6267,1
ID6268,2
ID6269,1
ID6270,-1
ID6271,1
ID6272,-1
ID6273,1
ID6274,2
ID6275,3
ID6276,4
ID6277,-1
ID6278,1
ID6279,1
ID6280,2
ID6281,-1
ID6282,-2
ID6283,1
ID6284,2
ID6285,3
ID6286,-1
ID6287,1
ID6288,-1
ID6289,-2
ID6290,-3
ID6291,1
ID6292,2
ID6293,-1
ID6294,1
ID6295,2
ID6296,3
ID6297,-1
ID6298,1
ID6299,2
ID6300,-1
ID6301,-2
ID6302,-3
ID6303,-4
ID6304,1
ID6305,-1
ID6306,-2
ID6307,-3
ID6308,-4
ID6309,-5
ID6310,1
ID6311,-1
ID6312,-2
ID6313,-3
ID6314,1
ID6315,2
ID6316,3
ID6317,4
ID6318,5
ID6319,6
ID6320,-1
ID6321,1
ID6322,2
ID6323,3
ID6324,4
ID6325,-1
ID6326,-2
ID6327,1
ID6328,-1
ID6329,1
ID6330,-1
ID6331,1
ID6332,2
ID6333,1
ID6334,-1
ID6335,-2
ID6336,-3
ID6337,1
ID6338,2
ID6339,3
ID6340,-1
ID6341,1
ID6342,2
ID6343,3
ID6344,4
ID6345,-1
ID6346,-2
ID6347,1
ID6348,2
ID6349,-1
ID6350,1
ID6351,2
ID6352,3
ID6353,-1
ID6354,1
ID6355,2
ID6356,3
ID6357,4
ID6358,-1
ID6359,1
ID6360,2
ID6361,3
ID6362,4
ID6363,-1
ID6364,1
ID6365,1
ID6366,-1
ID6367,1
ID6368,1
ID6369,-1
ID6370,1
ID6371,2
ID6372,-1
ID6373,-2
ID6374,-3
ID6375,-4
ID6376,1
ID6377,-1
ID6378,1
ID6379,2
ID6380,3
ID6381,-1
ID6382,-2
ID6383,1
ID6384,-1
ID6385,-2
ID6386,-3
ID6387,-4
ID6388,-5
ID6389,-6
ID6390,1
ID6391,-1
ID6392,-2
ID6393,-3
ID6394,1
ID6395,1
ID6396,-1
ID6397,-2
ID6398,1
ID6399,-1
ID6400,-2
ID6401,-3
ID6402,1
ID6403,2
ID6404,-1
ID6405,1
ID6406,-1
ID6407,-2
ID6408,-3
ID6409,1
ID6410,1
ID6411,1
ID6412,2
ID6413,3
ID6414,1
ID6415,-1
ID6416,-2
ID6417,-3
ID6418,-4
ID6419,1
ID6420,-1
ID6421,1
ID6422,-1
ID6423,1
ID6424,2
ID6425,3
ID6426,4
ID6427,5
ID6428,-1
ID6429,-2
ID6430,-3
ID6431,1
ID6432,-1
ID6433,1
ID6434,2
ID6435,3
ID6436,4
ID6437,5
ID6438,6
ID6439,7
ID6440,-1
ID6441,1
ID6442,-1
ID6443,-2
ID6444,-3
ID6445,1
ID6446,-1
ID6447,-2
ID6448,1
ID6449,2
ID6450,3
ID6451,-1
ID6452,-2
ID6453,1
ID6454,2
ID6455,-1
ID6456,1
ID6457,2
ID6458,3
ID6459,-1
ID6460,-2
ID6461,-3
ID6462,-4
ID6463,1
ID6464,-1
ID6465,1
ID6466,-1
ID6467,1
ID6468,2
ID6469,3
ID6470,4
ID6471,-1
ID6472,-2
ID6473,-3
ID6474,1
ID6475,2
ID6476,-1
ID6477,-2
ID6478,1
ID6479,-1
ID6480,-2
ID6481,-3
ID6482,-4
ID6483,1
ID6484,-1
ID6485,-2
ID6486,1
ID6487,2
ID6488,-1
ID6489,-2
ID6490,-3
ID6491,-4
ID6492,-5
ID6493,1
ID6494,1
ID6495,-1
ID6496,-2
ID6497,-3
ID6498,1
ID6499,-1
ID6500,-2
ID6501,-3
ID6502,1
ID6503,-1
ID6504,1
ID6505,2
ID6506,-1
ID6507,-2
ID6508,1
ID6509,2
ID6510,-1
ID6511,-2
ID6512,1
ID6513,2
ID6514,-1
ID6515,-2
ID6516,1
ID6517,2
ID6518,3
ID6519,4
ID6520,-1
ID6521,-2
ID6522,1
ID6523,-1
ID6524,-2
ID6525,1
ID6526,-1
ID6527,1
ID6528,2
ID6529,3
ID6530,-1
ID6531,-2
ID6532,1
ID6533,2
ID6534,-1
ID6535,-2
ID6536,-3
ID6537,1
ID6538,2
ID6539,3
ID6540,4
ID6541,-1
ID6542,-2
ID6543,-3
ID6544,-4
ID6545,1
ID6546,2
ID6547,-1
ID6548,1
ID6549,-1
ID6550,-2
ID6551,1
ID6552,2
ID6553,3
ID6554,-1
ID6555,-2
ID6556,1
ID6557,2
ID6558,-1
ID6559,-2
ID6560,-3
ID6561,1
ID6562,-1
ID6563,-2
ID6564,-3
ID6565,-4
ID6566,-5
ID6567,-6
ID6568,1
ID6569,2
ID6570,3
ID6571,-1
ID6572,-2
ID6573,1
ID6574,1
ID6575,-1
ID6576,-2
ID6577,1
ID6578,2
ID6579,3
ID6580,-1
ID6581,-2
ID6582,1
ID6583,2
ID6584,3
ID6585,-1
ID6586,1
ID6587,-1
ID6588,-2
ID6589,1
ID6590,2
ID6591,-1
ID6592,1
ID6593,2
ID6594,-1
ID6595,-2
ID6596,-3
ID6597,-4
ID6598,-5
ID6599,-6
ID6600,1
ID6601,-1
ID6602,1
ID6603,-1
ID6604,1
ID6605,2
ID6606,-1
ID6607,1
ID6608,2
ID6609,-1
ID6610,1
ID6611,2
ID6612,-1
ID6613,1
ID6614,-1
ID6615,1
ID6616,2
ID6617,3
ID6618,4
ID6619,-1
ID6620,-2
ID6621,1
ID6622,2
ID6623,-1
ID6624,1
ID6625,2
ID6626,-1
ID6627,1
ID6628,-1
ID6629,-2
ID6630,1
ID6631,2
ID6632,-1
ID6633,-2
ID6634,1
ID6635,2
ID6636,3
ID6637,-1
ID6638,-2
ID6639,-3
ID6640,-4
ID6641,1
ID6642,2
ID6643,-1
ID6644,-2
ID6645,1
ID6646,2
ID6647,3
ID6648,4
ID6649,5
ID6650,6
ID6651,7
ID6652,-1
ID6653,-2
ID6654,1
ID6655,2
ID6656,-1
ID6657,1
ID6658,2
ID6659,3
ID6660,-1
ID6661,1
ID6662,1
ID6663,-1
ID6664,1
ID6665,-1
ID6666,-2
ID6667,1
ID6668,2
ID6669,-1
ID6670,1
ID6671,-1
ID6672,-2
ID6673,-3
ID6674,1
ID6675,2
ID6676,3
ID6677,4
ID6678,5
ID6679,-1
ID6680,1
ID6681,-1
ID6682,1
ID6683,2
ID6684,-1
ID6685,-2
ID6686,-3
ID6687,-4
ID6688,1
ID6689,2
ID6690,-1
ID6691,1
ID6692,2
ID6693,-1
ID6694,1
ID6695,2
ID6696,1
ID6697,-1
ID6698,1
ID6699,-1
ID6700,-2
ID6701,1
ID6702,-1
ID6703,-2
ID6704,1
ID6705,2
ID6706,3
ID6707,4
ID6708,5
ID6709,-1
ID6710,1
ID6711,2
ID6712,-1
ID6713,1
ID6714,-1
ID6715,-2
ID6716,1
ID6717,1
ID6718,-1
ID6719,-2
ID6720,-3
ID6721,-4
ID6722,-5
ID6723,1
ID6724,2
ID6725,-1
ID6726,-2
ID6727,1
ID6728,2
ID6729,-1
ID6730,-2
ID6731,1
ID6732,-1
ID6733,-2
ID6734,1
ID6735,-1
ID6736,-2
ID6737,1
ID6738,2
ID6739,-1
ID6740,1
ID6741,-1
ID6742,-2
ID6743,1
ID6744,2
ID6745,3
ID6746,4
ID6747,5
ID6748,-1
ID6749,1
ID6750,-1
ID6751,1
ID6752,-1
ID6753,-2
ID6754,1
ID6755,2
ID6756,-1
ID6757,-2
ID6758,1
ID6759,-1
ID6760,-2
ID6761,-3
ID6762,1
ID6763,1
ID6764,1
ID6765,-1
ID6766,1
ID6767,-1
ID6768,1
ID6769,2
ID6770,-1
ID6771,1
ID6772,-1
ID6773,-2
ID6774,1
ID6775,1
ID6776,2
ID6777,3
ID6778,-1
ID6779,-2
ID6780,-3
ID6781,-4
ID6782,-5
ID6783,1
ID6784,2
ID6785,3
ID6786,4
ID6787,5
ID6788,6
ID6789,-1
ID6790,-2
ID6791,1
ID6792,2
ID6793,-1
ID6794,1
ID6795,2
ID6796,-1
ID6797,-2
ID6798,1
ID6799,-1
ID6800,-2
ID6801,1
ID6802,-1
ID6803,1
ID6804,2
ID6805,3
ID6806,-1
ID6807,1
ID6808,2
ID6809,3
ID6810,-1
ID6811,-2
ID6812,-3
ID6813,1
ID6814,2
ID6815,3
ID6816,-1
ID6817,1
ID6818,-1
ID6819,-2
ID6820,-3
ID6821,1
ID6822,-1
ID6823,-2
ID6824,1
ID6825,2
ID6826,3
ID6827,4
ID6828,5
ID6829,6
ID6830,-1
ID6831,1
ID6832,2
ID6833,-1
ID6834,1
ID6835,-1
ID6836,1
ID6837,-1
ID6838,-2
ID6839,1
ID6840,-1
ID6841,-2
ID6842,1
ID6843,2
ID6844,3
ID6845,4
ID6846,5
ID6847,6
ID6848,1
ID6849,1
ID6850,2
ID6851,3
ID6852,4
ID6853,5
ID6854,-1
ID6855,-2
ID6856,1
ID6857,2
ID6858,-1
ID6859,-2
ID6860,1
ID6861,2
ID6862,3
ID6863,4
ID6864,5
ID6865,-1
ID6866,1
ID6867,2
ID6868,-1
ID6869,-2
ID6870,-3
ID6871,1
ID6872,2
ID6873,3
ID6874,-1
ID6875,1
ID6876,2
ID6877,3
ID6878,4
ID6879,5
ID6880,6
ID6881,-1
ID6882,1
ID6883,2
ID6884,3
ID6885,-1
ID6886,1
ID6887,-1
ID6888,1
ID6889,1
ID6890,-1
ID6891,1
ID6892,-1
ID6893,1
ID6894,2
ID6895,3
ID6896,4
ID6897,5
ID6898,6
ID6899,-1
ID6900,1
ID6901,2
ID6902,3
ID6903,4
ID6904,-1
ID6905,1
ID6906,2
ID6907,3
ID6908,4
ID6909,-1
ID6910,1
ID6911,1
ID6912,-1
ID6913,-2
ID6914,-3
ID6915,-4
ID6916,-5
ID6917,-6
ID6918,-7
ID6919,-8
ID6920,-9
ID6921,1
ID6922,2
ID6923,3
ID6924,4
ID6925,-1
ID6926,1
ID6927,-1
ID6928,1
ID6929,-1
ID6930,1
ID6931,2
ID6932,3
ID6933,4
ID6934,5
ID6935,6
ID6936,7
ID6937,8
ID6938,9
ID6939,10
ID6940,-1
ID6941,-2
ID6942,1
ID6943,2
ID6944,3
ID6945,4
ID6946,-1
ID6947,-2
ID6948,-3
ID6949,1
ID6950,2
ID6951,-1
ID6952,1
ID6953,-1
ID6954,-2
ID6955,1
ID6956,2
ID6957,-1
ID6958,-2
ID6959,-3
ID6960,-4
ID6961,1
ID6962,-1
ID6963,-2
ID6964,-3
ID6965,-4
ID6966,1
ID6967,-1
ID6968,1
ID6969,2
ID6970,-1
ID6971,1
ID6972,-1
ID6973,-2
ID6974,-3
ID6975,-4
ID6976,1
ID6977,-1
ID6978,-2
ID6979,-3
ID6980,1
ID6981,-1
ID6982,1
ID6983,2
ID6984,3
ID6985,-1
ID6986,1
ID6987,2
ID6988,-1
ID6989,-2
ID6990,-3
ID6991,-4
ID6992,-5
ID6993,-6
ID6994,-7
ID6995,1
ID6996,2
ID6997,3
ID6998,-1
ID6999,-2
ID7000,1
ID7001,-1
ID7002,-2
ID7003,-3
ID7004,1
ID7005,2
ID7006,1
ID7007,-1
ID7008,1
ID7009,2
ID7010,3
ID7011,4
ID7012,5
ID7013,1
ID7014,-1
ID7015,1
ID7016,-1
ID7017,-2
ID7018,-3
ID7019,-4
ID7020,-5
ID7021,-6
ID7022,1
ID7023,2
ID7024,3
ID7025,4
ID7026,5
ID7027,-1
ID7028,-2
ID7029,-3
ID7030,1
ID7031,-1
ID7032,1
ID7033,-1
ID7034,-2
ID7035,-3
ID7036,-4
ID7037,-5
ID7038,-6
ID7039,-7
ID7040,-8
ID7041,-9
ID7042,1
ID7043,2
ID7044,3
ID7045,4
ID7046,-1
ID7047,1
ID7048,-1
ID7049,1
ID7050,-1
ID7051,-2
ID7052,1
ID7053,2
ID7054,3
ID7055,4
ID7056,5
ID7057,-1
ID7058,1
ID7059,-1
ID7060,-2
ID7061,-3
ID7062,-4
ID7063,-5
ID7064,-6
ID7065,-7
ID7066,1
ID7067,-1
ID7068,-2
ID7069,-3
ID7070,1
ID7071,-1
ID7072,1
ID7073,2
ID7074,-1
ID7075,-2
ID7076,-3
ID7077,-4
ID7078,1
ID7079,-1
ID7080,-2
ID7081,1
ID7082,-1
ID7083,1
ID7084,2
ID7085,3
ID7086,-1
ID7087,1
ID7088,-1
ID7089,1
ID7090,2
ID7091,-1
ID7092,-2
ID7093,-3
ID7094,-4
ID7095,-5
ID7096,-6
ID7097,-7
ID7098,-8
ID7099,-9
ID7100,-10
ID7101,-11
ID7102,1
ID7103,2
ID7104,3
ID7105,4
ID7106,-1
ID7107,-2
ID7108,-3
ID7109,-4
ID7110,-5
ID7111,-6
ID7112,1
ID7113,-1
ID7114,1
ID7115,2
ID7116,-1
ID7117,1
ID7118,-1
ID7119,1
ID7120,-1
ID7121,-2
ID7122,-3
ID7123,-4
ID7124,-5
ID7125,1
ID7126,2
ID7127,1
ID7128,1
ID7129,2
ID7130,-1
ID7131,-2
ID7132,1
ID7133,2
ID7134,3
ID7135,-1
ID7136,1
ID7137,-1
ID7138,-2
ID7139,-3
ID7140,1
ID7141,-1
ID7142,1
ID7143,-1
ID7144,1
ID7145,-1
ID7146,-2
ID7147,1
ID7148,2
ID7149,-1
ID7150,1
ID7151,-1
ID7152,-2
ID7153,-3
ID7154,1
ID7155,2
ID7156,-1
ID7157,1
ID7158,-1
ID7159,1
ID7160,2
ID7161,-1
ID7162,-2
ID7163,1
ID7164,-1
ID7165,-2
ID7166,-3
ID7167,-4
ID7168,1
ID7169,2
ID7170,3
ID7171,-1
ID7172,-2
ID7173,-3
ID7174,-4
ID7175,1
ID7176,2
ID7177,3
ID7178,-1
ID7179,1
ID7180,-1
ID7181,1
ID7182,-1
ID7183,1
ID7184,-1
ID7185,1
ID7186,2
ID7187,-1
ID7188,-2
ID7189,1
ID7190,-1
ID7191,1
ID7192,-1
ID7193,1
ID7194,-1
ID7195,-2
ID7196,1
ID7197,-1
ID7198,1
ID7199,2
ID7200,-1
ID7201,1
ID7202,-1
ID7203,1
ID7204,-1
ID7205,-2
ID7206,-3
ID7207,-4
ID7208,-5
ID7209,1
ID7210,-1
ID7211,-2
ID7212,-3
ID7213,-4
ID7214,-5
ID7215,-6
ID7216,-7
ID7217,-8
ID7218,1
ID7219,2
ID7220,3
ID7221,4
ID7222,-1
ID7223,-2
ID7224,1
ID7225,2
ID7226,3
ID7227,4
ID7228,-1
ID7229,1
ID7230,-1
ID7231,-2
ID7232,-3
ID7233,1
ID7234,-1
ID7235,-2
ID7236,-3
ID7237,-4
ID7238,-5
ID7239,1
ID7240,-1
ID7241,-2
ID7242,-3
ID7243,-4
ID7244,-5
ID7245,1
ID7246,-1
ID7247,1
ID7248,-1
ID7249,-2
ID7250,1
ID7251,2
ID7252,-1
ID7253,-2
ID7254,-3
ID7255,-4
ID7256,1
ID7257,-1
ID7258,-2
ID7259,-3
ID7260,1
ID7261,2
ID7262,3
ID7263,4
ID7264,5
ID7265,6
ID7266,-1
ID7267,-2
ID7268,1
ID7269,-1
ID7270,-2
ID7271,-3
ID7272,1
ID7273,-1
ID7274,1
ID7275,2
ID7276,-1
ID7277,-2
ID7278,-3
ID7279,1
ID7280,-1
ID7281,-2
ID7282,1
ID7283,2
ID7284,-1
ID7285,1
ID7286,-1
ID7287,-2
ID7288,-3
ID7289,1
ID7290,-1
ID7291,1
ID7292,2
ID7293,3
ID7294,4
ID7295,5
ID7296,6
ID7297,7
ID7298,-1
ID7299,-2
ID7300,-3
ID7301,1
ID7302,2
ID7303,3
ID7304,-1
ID7305,-2
ID7306,-3
ID7307,-4
ID7308,-5
ID7309,-6
ID7310,1
ID7311,2
ID7312,-1
ID7313,-2
ID7314,-3
ID7315,1
ID7316,2
ID7317,-1
ID7318,-2
ID7319,1
ID7320,2
ID7321,-1
ID7322,1
ID7323,-1
ID7324,-2
ID7325,-3
ID7326,-4
ID7327,-5
ID7328,1
ID7329,2
ID7330,3
ID7331,-1
ID7332,-2
ID7333,1
ID7334,-1
ID7335,-2
ID7336,-3
ID7337,1
ID7338,2
ID7339,3
ID7340,-1
ID7341,1
ID7342,2
ID7343,-1
ID7344,1
ID7345,2
ID7346,-1
ID7347,1
ID7348,-1
ID7349,-2
ID7350,-3
ID7351,1
ID7352,2
ID7353,-1
ID7354,-2
ID7355,1
ID7356,2
ID7357,3
ID7358,-1
ID7359,-2
ID7360,1
ID7361,2
ID7362,-1
ID7363,-2
ID7364,1
ID7365,2
ID7366,-1
ID7367,-2
ID7368,1
ID7369,-1
ID7370,1
ID7371,2
ID7372,3
ID7373,4
ID7374,-1
ID7375,-2
ID7376,-3
ID7377,-4
ID7378,-5
ID7379,-6
ID7380,1
ID7381,-1
ID7382,-2
ID7383,1
ID7384,-1
ID7385,-2
ID7386,-3
ID7387,1
ID7388,2
ID7389,3
ID7390,-1
ID7391,-2
ID7392,-3
ID7393,1
ID7394,2
ID7395,3
ID7396,4
ID7397,-1
ID7398,1
ID7399,2
ID7400,3
ID7401,-1
ID7402,1
ID7403,2
ID7404,-1
ID7405,-2
ID7406,1
ID7407,-1
ID7408,1
ID7409,-1
ID7410,1
ID7411,-1
ID7412,-2
ID7413,-3
ID7414,1
ID7415,-1
ID7416,1
ID7417,-1
ID7418,1
ID7419,2
ID7420,-1
ID7421,-2
ID7422,1
ID7423,2
ID7424,3
ID7425,-1
ID7426,1
ID7427,2
ID7428,3
ID7429,4
ID7430,5
ID7431,-1
ID7432,1
ID7433,2
ID7434,1
ID7435,1
ID7436,2
ID7437,3
ID7438,-1
ID7439,1
ID7440,1
ID7441,1
ID7442,2
ID7443,3
ID7444,-1
ID7445,-2
ID7446,-3
ID7447,1
ID7448,-1
ID7449,1
ID7450,2
ID7451,-1
ID7452,1
ID7453,2
ID7454,-1
ID7455,-2
ID7456,1
ID7457,-1
ID7458,-2
ID7459,1
ID7460,-1
ID7461,-2
ID7462,-3
ID7463,-4
ID7464,1
ID7465,-1
ID7466,-2
ID7467,1
ID7468,-1
ID7469,-2
ID7470,-3
ID7471,1
ID7472,2
ID7473,3
ID7474,-1
ID7475,-2
ID7476,1
ID7477,-1
ID7478,1
ID7479,2
ID7480,-1
ID7481,-2
ID7482,1
ID7483,2
ID7484,3
ID7485,-1
ID7486,1
ID7487,-1
ID7488,1
ID7489,2
ID7490,3
ID7491,-1
ID7492,1
ID7493,-1
ID7494,-2
ID7495,1
ID7496,2
ID7497,3
ID7498,1
ID7499,-1
ID7500,-2
ID7501,1
ID7502,-1
ID7503,1
ID7504,-1
ID7505,1
ID7506,2
ID7507,-1
ID7508,-2
ID7509,-3
ID7510,1
ID7511,2
ID7512,3
ID7513,-1
ID7514,-2
ID7515,-3
ID7516,-4
ID7517,-5
ID7518,1
ID7519,-1
ID7520,-2
ID7521,1
ID7522,-1
ID7523,1
ID7524,2
ID7525,-1
ID7526,1
ID7527,2
ID7528,3
ID7529,-1
ID7530,1
ID7531,2
ID7532,3
ID7533,-1
ID7534,-2
ID7535,1
ID7536,-1
ID7537,-2
ID7538,1
ID7539,2
ID7540,3
ID7541,4
ID7542,-1
ID7543,-2
ID7544,-3
ID7545,1
ID7546,-1
ID7547,-2
ID7548,-3
ID7549,-4
ID7550,-5
ID7551,-6
ID7552,-7
ID7553,-8
ID7554,1
ID7555,-1
ID7556,-2
ID7557,1
ID7558,2
ID7559,3
ID7560,-1
ID7561,-2
ID7562,1
ID7563,-1
ID7564,-2
ID7565,1
ID7566,-1
ID7567,1
ID7568,-1
ID7569,1
ID7570,-1
ID7571,1
ID7572,-1
ID7573,1
ID7574,-1
ID7575,-2
ID7576,-3
ID7577,-4
ID7578,-5
ID7579,-6
ID7580,-7
ID7581,1
ID7582,2
ID7583,-1
ID7584,1
ID7585,-1
ID7586,-2
ID7587,1
ID7588,-1
ID7589,1
ID7590,-1
ID7591,-2
ID7592,1
ID7593,1
ID7594,1
ID7595,2
ID7596,3
ID7597,-1
ID7598,1
ID7599,2
ID7600,3
ID7601,4
ID7602,-1
ID7603,1
ID7604,-1
ID7605,1
ID7606,-1
ID7607,-2
ID7608,1
ID7609,-1
ID7610,-2
ID7611,1
ID7612,2
ID7613,3
ID7614,4
ID7615,5
ID7616,-1
ID7617,1
ID7618,2
ID7619,3
ID7620,-1
ID7621,1
ID7622,2
ID7623,-1
ID7624,1
ID7625,2
ID7626,-1
ID7627,1
ID7628,-1
ID7629,1
ID7630,2
ID7631,3
ID7632,4
ID7633,5
ID7634,6
ID7635,-1
ID7636,1
ID7637,2
ID7638,1
ID7639,1
ID7640,2
ID7641,-1
ID7642,-2
ID7643,-3
ID7644,1
ID7645,-1
ID7646,1
ID7647,2
ID7648,-1
ID7649,-2
ID7650,-3
ID7651,1
ID7652,2
ID7653,-1
ID7654,-2
ID7655,-3
ID7656,1
ID7657,-1
ID7658,-2
ID7659,-3
ID7660,1
ID7661,1
ID7662,-1
ID7663,1
ID7664,1
ID7665,-1
ID7666,1
ID7667,2
ID7668,3
ID7669,-1
ID7670,1
ID7671,-1
ID7672,1
ID7673,2
ID7674,-1
ID7675,-2
ID7676,1
ID7677,2
ID7678,3
ID7679,4
ID7680,-1
ID7681,-2
ID7682,-3
ID7683,1
ID7684,1
ID7685,-1
ID7686,-2
ID7687,1
ID7688,-1
ID7689,1
ID7690,2
ID7691,-1
ID7692,-2
ID7693,1
ID7694,1
ID7695,-1
ID7696,-2
ID7697,1
ID7698,-1
ID7699,1
ID7700,-1
ID7701,1
ID7702,2
ID7703,-1
ID7704,1
ID7705,-1
ID7706,-2
ID7707,1
ID7708,-1
ID7709,1
ID7710,2
ID7711,-1
ID7712,-2
ID7713,1
ID7714,2
ID7715,-1
ID7716,1
ID7717,1
ID7718,2
ID7719,3
ID7720,-1
ID7721,-2
ID7722,1
ID7723,2
ID7724,3
ID7725,-1
ID7726,-2
ID7727,1
ID7728,-1
ID7729,1
ID7730,-1
ID7731,-2
ID7732,-3
ID7733,1
ID7734,2
ID7735,-1
ID7736,-2
ID7737,-3
ID7738,1
ID7739,-1
ID7740,-2
ID7741,1
ID7742,-1
ID7743,-2
ID7744,-3
ID7745,1
ID7746,-1
ID7747,1
ID7748,1
ID7749,-1
ID7750,1
ID7751,-1
ID7752,1
ID7753,1
ID7754,-1
ID7755,-2
ID7756,1
ID7757,1
ID7758,1
ID7759,1
ID7760,-1
ID7761,1
ID7762,-1
ID7763,-2
ID7764,-3
ID7765,-4
ID7766,-5
ID7767,1
ID7768,-1
ID7769,-2
ID7770,1
ID7771,-1
ID7772,1
ID7773,-1
ID7774,1
ID7775,2
ID7776,-1
ID7777,-2
ID7778,1
ID7779,1
ID7780,2
ID7781,3
ID7782,4
ID7783,-1
ID7784,-2
ID7785,-3
ID7786,-4
ID7787,-5
ID7788,1
ID7789,-1
ID7790,-2
ID7791,1
ID7792,-1
ID7793,1
ID7794,1
ID7795,1
ID7796,2
ID7797,-1
ID7798,-2
ID7799,-3
ID7800,-4
ID7801,1
ID7802,2
ID7803,3
ID7804,1
ID7805,1
ID7806,-1
ID7807,-2
ID7808,-3
ID7809,1
ID7810,-1
ID7811,-2
ID7812,1
ID7813,-1
ID7814,1
ID7815,2
ID7816,1
ID7817,1
ID7818,2
ID7819,3
ID7820,4
ID7821,-1
ID7822,1
ID7823,2
ID7824,-1
ID7825,1
ID7826,-1
ID7827,1
ID7828,-1
ID7829,-2
ID7830,-3
ID7831,1
ID7832,2
ID7833,3
ID7834,-1
ID7835,1
ID7836,2
ID7837,3
ID7838,4
ID7839,-1
ID7840,-2
ID7841,-3
ID7842,-4
ID7843,-5
ID7844,1
ID7845,1
ID7846,2
ID7847,3
ID7848,-1
ID7849,1
ID7850,-1
ID7851,1
ID7852,2
ID7853,3
ID7854,-1
ID7855,-2
ID7856,-3
ID7857,-4
ID7858,-5
ID7859,1
ID7860,-1
ID7861,-2
ID7862,1
ID7863,-1
ID7864,-2
ID7865,1
ID7866,2
ID7867,3
ID7868,-1
ID7869,1
ID7870,-1
ID7871,1
ID7872,-1
ID7873,1
ID7874,2
ID7875,-1
ID7876,1
ID7877,-1
ID7878,1
ID7879,-1
ID7880,-2
ID7881,-3
ID7882,1
ID7883,-1
ID7884,-2
ID7885,-3
ID7886,1
ID7887,-1
ID7888,-2
ID7889,-3
ID7890,1
ID7891,2
ID7892,3
ID7893,4
ID7894,-1
ID7895,-2
ID7896,-3
ID7897,-4
ID7898,1
ID7899,-1
ID7900,1
ID7901,2
ID7902,3
ID7903,4
ID7904,5
ID7905,6
ID7906,1
ID7907,-1
ID7908,-2
ID7909,-3
ID7910,1
ID7911,-1
ID7912,1
ID7913,-1
ID7914,1
ID7915,-1
ID7916,-2
ID7917,-3
ID7918,-4
ID7919,1
ID7920,-1
ID7921,-2
ID7922,-3
ID7923,-4
ID7924,-5
ID7925,1
ID7926,2
ID7927,3
ID7928,-1
ID7929,1
ID7930,2
ID7931,3
ID7932,-1
ID7933,-2
ID7934,1
ID7935,2
ID7936,3
ID7937,1
ID7938,1
ID7939,-1
ID7940,-2
ID7941,1
ID7942,2
ID7943,3
ID7944,-1
ID7945,-2
ID7946,1
ID7947,-1
ID7948,1
ID7949,2
ID7950,3
ID7951,4
ID7952,5
ID7953,6
ID7954,-1
ID7955,1
ID7956,-1
ID7957,-2
ID7958,1
ID7959,2
ID7960,1
ID7961,1
ID7962,-1
ID7963,-2
ID7964,-3
ID7965,1
ID7966,2
ID7967,-1
ID7968,1
ID7969,-1
ID7970,-2
ID7971,1
ID7972,-1
ID7973,-2
ID7974,-3
ID7975,-4
ID7976,1
ID7977,-1
ID7978,1
ID7979,2
ID7980,-1
ID7981,1
ID7982,-1
ID7983,-2
ID7984,-3
ID7985,1
ID7986,-1
ID7987,-2
ID7988,-3
ID7989,-4
ID7990,1
ID7991,-1
ID7992,1
ID7993,2
ID7994,3
ID7995,-1
ID7996,-2
ID7997,1
ID7998,2
ID7999,1
ID8000,1
ID8001,-1
ID8002,-2
ID8003,-3
ID8004,-4
ID8005,1
ID8006,-1
ID8007,-2
ID8008,1
ID8009,2
ID8010,3
ID8011,-1
ID8012,-2
ID8013,1
ID8014,-1
ID8015,-2
ID8016,-3
ID8017,-4
ID8018,-5
ID8019,1
ID8020,-1
ID8021,-2
ID8022,-3
ID8023,-4
ID8024,1
ID8025,-1
ID8026,1
ID8027,2
ID8028,-1
ID8029,1
ID8030,2
ID8031,-1
ID8032,-2
ID8033,1
ID8034,-1
ID8035,1
ID8036,-1
ID8037,1
ID8038,-1
ID8039,1
ID8040,-1
ID8041,1
ID8042,2
ID8043,-1
ID8044,1
ID8045,-1
ID8046,1
ID8047,2
ID8048,-1
ID8049,-2
ID8050,1
ID8051,2
ID8052,3
ID8053,-1
ID8054,1
ID8055,-1
ID8056,-2
ID8057,1
ID8058,2
ID8059,1
ID8060,1
ID8061,2
ID8062,3
ID8063,-1
ID8064,1
ID8065,-1
ID8066,-2
ID8067,1
ID8068,2
ID8069,3
ID8070,4
ID8071,-1
ID8072,1
ID8073,-1
ID8074,-2
ID8075,-3
ID8076,-4
ID8077,1
ID8078,2
ID8079,3
ID8080,4
ID8081,5
ID8082,-1
ID8083,-2
ID8084,-3
ID8085,1
ID8086,-1
ID8087,1
ID8088,-1
ID8089,1
ID8090,2
ID8091,3
ID8092,4
ID8093,-1
ID8094,1
ID8095,2
ID8096,3
ID8097,4
ID8098,-1
ID8099,1
ID8100,2
ID8101,3
ID8102,-1
ID8103,1
ID8104,2
ID8105,3
ID8106,4
ID8107,5
ID8108,-1
ID8109,-2
ID8110,1
ID8111,-1
ID8112,1
ID8113,2
ID8114,3
ID8115,-1
ID8116,1
ID8117,2
ID8118,-1
ID8119,1
ID8120,-1
ID8121,1
ID8122,-1
ID8123,-2
ID8124,1
ID8125,2
ID8126,-1
ID8127,1
ID8128,2
ID8129,3
ID8130,-1
ID8131,1
ID8132,2
ID8133,-1
ID8134,-2
ID8135,1
ID8136,-1
ID8137,-2
ID8138,-3
ID8139,1
ID8140,-1
ID8141,1
ID8142,2
ID8143,3
ID8144,4
ID8145,-1
ID8146,1
ID8147,-1
ID8148,1
ID8149,-1
ID8150,-2
ID8151,-3
ID8152,1
ID8153,1
ID8154,1
ID8155,-1
ID8156,1
ID8157,-1
ID8158,1
ID8159,-1
ID8160,-2
ID8161,1
ID8162,-1
ID8163,1
ID8164,-1
ID8165,-2
ID8166,-3
ID8167,-4
ID8168,1
ID8169,-1
ID8170,1
ID8171,2
ID8172,3
ID8173,4
ID8174,5
ID8175,-1
ID8176,-2
ID8177,-3
ID8178,-4
ID8179,1
ID8180,-1
ID8181,-2
ID8182,1
ID8183,-1
ID8184,-2
ID8185,1
ID8186,2
ID8187,3
ID8188,4
ID8189,5
ID8190,-1
ID8191,-2
ID8192,1
ID8193,-1
ID8194,-2
ID8195,-3
ID8196,1
ID8197,-1
ID8198,-2
ID8199,1
ID8200,2
ID8201,-1
ID8202,-2
ID8203,1
ID8204,-1
ID8205,-2
ID8206,1
ID8207,2
ID8208,3
ID8209,-1
ID8210,1
ID8211,-1
ID8212,1
ID8213,2
ID8214,1
ID8215,1
ID8216,2
ID8217,-1
ID8218,-2
ID8219,1
ID8220,2
ID8221,-1
ID8222,-2
ID8223,-3
ID8224,1
ID8225,-1
ID8226,1
ID8227,-1
ID8228,1
ID8229,2
ID8230,3
ID8231,4
ID8232,5
ID8233,6
ID8234,-1
ID8235,1
ID8236,-1
ID8237,-2
ID8238,-3
ID8239,1
ID8240,-1
ID8241,-2
ID8242,1
ID8243,-1
ID8244,1
ID8245,2
ID8246,3
ID8247,-1
ID8248,1
ID8249,2
ID8250,-1
ID8251,1
ID8252,-1
ID8253,1
ID8254,2
ID8255,3
ID8256,4
ID8257,5
ID8258,6
ID8259,-1
ID8260,1
ID8261,2
ID8262,3
ID8263,1
ID8264,1
ID8265,1
ID8266,2
ID8267,3
ID8268,4
ID8269,-1
ID8270,1
ID8271,2
ID8272,-1
ID8273,-2
ID8274,-3
ID8275,1
ID8276,-1
ID8277,1
ID8278,-1
ID8279,1
ID8280,2
ID8281,-1
ID8282,-2
ID8283,-3
ID8284,-4
ID8285,1
ID8286,-1
ID8287,-2
ID8288,-3
ID8289,1
ID8290,-1
ID8291,-2
ID8292,1
ID8293,1
ID8294,1
ID8295,2
ID8296,3
ID8297,-1
ID8298,1
ID8299,2
ID8300,-1
ID8301,-2
ID8302,-3
ID8303,1
ID8304,-1
ID8305,-2
ID8306,1
ID8307,-1
ID8308,-2
ID8309,1
ID8310,-1
ID8311,-2
ID8312,1
ID8313,-1
ID8314,1
ID8315,2
ID8316,-1
ID8317,-2
ID8318,-3
ID8319,1
ID8320,-1
ID8321,1
ID8322,2
ID8323,-1
ID8324,-2
ID8325,-3
ID8326,1
ID8327,2
ID8328,3
ID8329,-1
ID8330,1
ID8331,-1
ID8332,-2
ID8333,1
ID8334,2
ID8335,-1
ID8336,-2
ID8337,1
ID8338,2
ID8339,3
ID8340,4
ID8341,-1
ID8342,-2
ID8343,-3
ID8344,-4
ID8345,-5
ID8346,-6
ID8347,-7
ID8348,-8
ID8349,1
ID8350,-1
ID8351,-2
ID8352,-3
ID8353,-4
ID8354,1
ID8355,-1
ID8356,1
ID8357,2
ID8358,-1
ID8359,-2
ID8360,-3
ID8361,-4
ID8362,1
ID8363,2
ID8364,3
ID8365,1
ID8366,-1
ID8367,1
ID8368,-1
ID8369,-2
ID8370,1
ID8371,-1
ID8372,-2
ID8373,-3
ID8374,-4
ID8375,-5
ID8376,-6
ID8377,1
ID8378,2
ID8379,3
ID8380,4
ID8381,5
ID8382,6
ID8383,7
ID8384,8
ID8385,9
ID8386,-1
ID8387,1
ID8388,-1
ID8389,-2
ID8390,1
ID8391,2
ID8392,3
ID8393,4
ID8394,5
ID8395,6
ID8396,-1
ID8397,-2
ID8398,1
ID8399,2
ID8400,3
ID8401,4
ID8402,-1
ID8403,-2
ID8404,-3
ID8405,1
ID8406,-1
ID8407,1
ID8408,2
ID8409,-1
ID8410,-2
ID8411,1
ID8412,2
ID8413,3
ID8414,-1
ID8415,1
ID8416,-1
ID8417,-2
ID8418,1
ID8419,1
ID8420,2
ID8421,-1
ID8422,1
ID8423,-1
ID8424,-2
ID8425,1
ID8426,1
ID8427,1
ID8428,1
ID8429,-1
ID8430,-2
ID8431,1
ID8432,-1
ID8433,-2
ID8434,1
ID8435,-1
ID8436,-2
ID8437,1
ID8438,-1
ID8439,1
ID8440,-1
ID8441,1
ID8442,-1
ID8443,-2
ID8444,1
ID8445,2
ID8446,3
ID8447,-1
ID8448,-2
ID8449,1
ID8450,2
ID8451,-1
ID8452,1
ID8453,2
ID8454,-1
ID8455,-2
ID8456,1
ID8457,2
ID8458,3
ID8459,4
ID8460,5
ID8461,-1
ID8462,1
ID8463,-1
ID8464,-2
ID8465,1
ID8466,-1
ID8467,-2
ID8468,-3
ID8469,1
ID8470,-1
ID8471,-2
ID8472,1
ID8473,2
ID8474,-1
ID8475,1
ID8476,1
ID8477,2
ID8478,-1
ID8479,-2
ID8480,1
ID8481,-1
ID8482,-2
ID8483,1
ID8484,-1
ID8485,-2
ID8486,1
ID8487,2
ID8488,-1
ID8489,1
ID8490,-1
ID8491,1
ID8492,-1
ID8493,1
ID8494,-1
ID8495,1
ID8496,-1
ID8497,1
ID8498,-1
ID8499,-2
ID8500,1
ID8501,-1
ID8502,-2
ID8503,1
ID8504,-1
ID8505,1
ID8506,2
ID8507,3
ID8508,-1
ID8509,-2
ID8510,-3
ID8511,-4
ID8512,1
ID8513,2
ID8514,3
ID8515,-1
ID8516,-2
ID8517,1
ID8518,-1
ID8519,1
ID8520,-1
ID8521,1
ID8522,2
ID8523,3
ID8524,-1
ID8525,1
ID8526,-1
ID8527,-2
ID8528,-3
ID8529,1
ID8530,2
ID8531,-1
ID8532,-2
ID8533,1
ID8534,-1
ID8535,1
ID8536,2
ID8537,-1
ID8538,-2
ID8539,-3
ID8540,1
ID8541,-1
ID8542,1
ID8543,2
ID8544,3
ID8545,4
ID8546,-1
ID8547,-2
ID8548,1
ID8549,-1
ID8550,1
ID8551,-1
ID8552,1
ID8553,-1
ID8554,1
ID8555,-1
ID8556,1
ID8557,-1
ID8558,1
ID8559,2
ID8560,-1
ID8561,-2
ID8562,-3
ID8563,1
ID8564,2
ID8565,3
ID8566,-1
ID8567,-2
ID8568,1
ID8569,-1
ID8570,1
ID8571,-1
ID8572,-2
ID8573,1
ID8574,2
ID8575,3
ID8576,4
ID8577,5
ID8578,-1
ID8579,1
ID8580,2
ID8581,-1
ID8582,-2
ID8583,-3
ID8584,-4
ID8585,-5
ID8586,1
ID8587,2
ID8588,-1
ID8589,-2
ID8590,-3
ID8591,1
ID8592,2
ID8593,-1
ID8594,-2
ID8595,-3
ID8596,1
ID8597,-1
ID8598,1
ID8599,-1
ID8600,-2
ID8601,1
ID8602,2
ID8603,-1
ID8604,-2
ID8605,-3
ID8606,1
ID8607,2
ID8608,3
ID8609,4
ID8610,5
ID8611,-1
ID8612,-2
ID8613,-3
ID8614,1
ID8615,-1
ID8616,-2
ID8617,1
ID8618,2
ID8619,-1
ID8620,1
ID8621,2
ID8622,-1
ID8623,-2
ID8624,1
ID8625,2
ID8626,-1
ID8627,1
ID8628,2
ID8629,-1
ID8630,-2
ID8631,-3
ID8632,1
ID8633,-1
ID8634,-2
ID8635,-3
ID8636,1
ID8637,-1
ID8638,-2
ID8639,-3
ID8640,-4
ID8641,1
ID8642,-1
ID8643,-2
ID8644,1
ID8645,-1
ID8646,-2
ID8647,1
ID8648,1
ID8649,1
ID8650,1
ID8651,1
ID8652,2
ID8653,3
ID8654,4
ID8655,5
ID8656,-1
ID8657,1
ID8658,2
ID8659,-1
ID8660,-2
ID8661,-3
ID8662,-4
ID8663,1
ID8664,-1
ID8665,1
ID8666,-1
ID8667,1
ID8668,-1
ID8669,1
ID8670,2
ID8671,3
ID8672,-1
ID8673,1
ID8674,-1
ID8675,1
ID8676,2
ID8677,3
ID8678,4
ID8679,-1
ID8680,1
ID8681,2
ID8682,-1
ID8683,1
ID8684,2
ID8685,3
ID8686,4
ID8687,5
ID8688,6
ID8689,7
ID8690,8
ID8691,-1
ID8692,1
ID8693,2
ID8694,-1
ID8695,1
ID8696,2
ID8697,-1
ID8698,1
ID8699,-1
ID8700,1
ID8701,-1
ID8703,-2
ID8705,-3
ID8707,-4
ID8709,-5
ID8711,-6
ID8713,1
ID8715,1
ID8717,1
ID8719,-1
ID8721,-2
ID8723,-3
ID8725,1
ID8727,-1
ID8729,1
ID8731,-1
ID8733,1
ID8735,2
ID8737,-1
ID8739,1
ID8741,2
ID8743,-1
ID8745,-2
ID8747,1
ID8749,1
ID8751,-1
ID8753,-2
ID8755,-3
ID8757,1
ID8759,2
ID8761,3
ID8763,4
ID8765,-1
ID8767,1
ID8769,2
ID8771,-1
ID8773,1
ID8775,2
ID8777,3
ID8779,1
ID8781,-1
ID8783,1
ID8785,2
ID8787,1
ID8789,1
ID8791,2
ID8793,3
ID8795,4
ID8797,-1
ID8799,-2
ID8801,1
ID8802,-1
ID8803,-2
ID8804,1
ID8805,2
ID8806,3
ID8807,4
ID8808,-1
ID8809,-2
ID8810,1
ID8811,2
ID8812,3
ID8813,4
ID8814,5
ID8815,6
ID8816,-1
ID8817,-2
ID8818,-3
ID8819,1
ID8820,-1
ID8821,1
ID8822,2
ID8823,-1
ID8824,1
ID8825,-1
ID8826,-2
ID8827,-3
ID8828,-4
ID8829,1
ID8830,2
ID8831,-1
ID8832,1
ID8833,-1
ID8834,-2
ID8835,1
ID8836,2
ID8837,-1
ID8838,-2
ID8839,1
ID8840,-1
ID8841,1
ID8842,-1
ID8843,1
ID8844,-1
ID8845,-2
ID8846,-3
ID8847,-4
ID8848,-5
ID8849,1
ID8850,2
ID8851,-1
ID8852,-2
ID8853,1
ID8854,1
ID8855,-1
ID8856,-2
ID8857,1
ID8858,2
ID8859,-1
ID8860,1
ID8861,2
ID8862,-1
ID8863,1
ID8864,-1
ID8865,1
ID8866,2
ID8867,3
ID8868,-1
ID8869,-2
ID8870,1
ID8871,-1
ID8872,-2
ID8873,1
ID8874,2
ID8875,-1
ID8876,1
ID8877,-1
ID8878,1
ID8879,-1
ID8880,1
ID8881,1
ID8882,1
ID8883,-1
ID8884,-2
ID8885,-3
ID8886,1
ID8887,-1
ID8888,1
ID8889,-1
ID8890,-2
ID8891,1
ID8892,2
ID8893,-1
ID8894,1
ID8895,2
ID8896,-1
ID8897,-2
ID8898,1
ID8899,2
ID8900,1
ID8901,-1
ID8902,-2
ID8903,-3
ID8904,1
ID8905,2
ID8906,3
ID8907,4
ID8908,-1
ID8909,-2
ID8910,1
ID8911,2
ID8912,3
ID8913,1
ID8914,-1
ID8915,1
ID8916,-1
ID8917,-2
ID8918,-3
ID8919,1
ID8920,1
ID8921,2
ID8922,-1
ID8923,1
ID8924,-1
ID8925,-2
ID8926,1
ID8927,-1
ID8928,1
ID8929,-1
ID8930,-2
ID8931,1
ID8932,2
ID8933,3
ID8934,-1
ID8935,1
ID8936,2
ID8937,3
ID8938,-1
ID8939,-2
ID8940,-3
ID8941,1
ID8942,-1
ID8943,-2
ID8944,-3
ID8945,-4
ID8946,-5
ID8947,-6
ID8948,1
ID8949,1
ID8950,-1
ID8951,-2
ID8952,1
ID8953,-1
ID8954,-2
ID8955,1
ID8956,1
ID8957,-1
ID8958,-2
ID8959,-3
ID8960,-4
ID8961,-5
ID8962,1
ID8963,-1
ID8964,-2
ID8965,-3
ID8966,1
ID8967,-1
ID8968,1
ID8969,2
ID8970,3
ID8971,4
ID8972,-1
ID8973,-2
ID8974,1
ID8975,-1
ID8976,-2
ID8977,-3
ID8978,1
ID8979,2
ID8980,3
ID8981,4
ID8982,5
ID8983,1
ID8984,1
ID8985,2
ID8986,-1
ID8987,1
ID8988,-1
ID8989,-2
ID8990,1
ID8991,-1
ID8992,1
ID8993,2
ID8994,3
ID8995,-1
ID8996,1
ID8997,2
ID8998,-1
ID8999,1
ID9000,2
